"path","initial_git_status","action","rationale","current_sha256","captured_sha256","original_git_blob"
".summer/00_Docs/27-30/27-A-J/27A_Fantasy_Voxel_Civilisation_Sandbox_Economic_Vision_Architecture_and_Ownership_v0_1.md","??","propose_stage","preserve_current_poc_source_or_supplied_source_corpus","b9c1ae4d140c0a312cff5adaac6734503204b331e6f085bf904d7d5553b87940","b9c1ae4d140c0a312cff5adaac6734503204b331e6f085bf904d7d5553b87940",
".summer/00_Docs/27-30/27-A-J/27B_Fantasy_Voxel_Civilisation_Sandbox_Currency_Barter_Value_and_Price_Formation_v0_1.md","??","propose_stage","preserve_current_poc_source_or_supplied_source_corpus","c0aaceec5d9c7dd9e62527f4d35964803cdf4c71f201af70d24c5bf9d0db2d1f","c0aaceec5d9c7dd9e62527f4d35964803cdf4c71f201af70d24c5bf9d0db2d1f",
".summer/00_Docs/27-30/27-A-J/27C_Fantasy_Voxel_Civilisation_Sandbox_Markets_Merchants_Stock_and_Supply_Demand_Simulation_v0_1.md","??","propose_stage","preserve_current_poc_source_or_supplied_source_corpus","28bca3792b1b954070cdadccd6432829a83e1c6190c1ab82a84245358afb846a","28bca3792b1b954070cdadccd6432829a83e1c6190c1ab82a84245358afb846a",
".summer/00_Docs/27-30/27-A-J/27D_Fantasy_Voxel_Civilisation_Sandbox_Labour_Wages_Households_Businesses_and_Ownership_v0_1.md","??","propose_stage","preserve_current_poc_source_or_supplied_source_corpus","e892dfbf49e166a5d548b18877655407f696b59a492ea87023fd8086d048e60d","e892dfbf49e166a5d548b18877655407f696b59a492ea87023fd8086d048e60d",
".summer/00_Docs/27-30/27-A-J/27E_Fantasy_Voxel_Civilisation_Sandbox_Contracts_Orders_Services_Breach_and_Enforcement_v0_1.md","??","propose_stage","preserve_current_poc_source_or_supplied_source_corpus","460a1b9c1dfb729806f9c541cc7ec9d52530852446005f8fe3d1d288a730dbc7","460a1b9c1dfb729806f9c541cc7ec9d52530852446005f8fe3d1d288a730dbc7",
".summer/00_Docs/27-30/27-A-J/27F_Fantasy_Voxel_Civilisation_Sandbox_Credit_Debt_Banking_Insurance_and_Financial_Risk_v0_1.md","??","propose_stage","preserve_current_poc_source_or_supplied_source_corpus","7174c35e851e0682bb89f160329d550df1e5703ed22d9720459f05ed786d693c","7174c35e851e0682bb89f160329d550df1e5703ed22d9720459f05ed786d693c",
".summer/00_Docs/27-30/27-A-J/27G_Fantasy_Voxel_Civilisation_Sandbox_Taxation_Tariffs_Treasuries_and_Public_Finance_v0_1.md","??","propose_stage","preserve_current_poc_source_or_supplied_source_corpus","11a6c80499be33bedff712743e6965a782308a526eca326d84d0bc399d8bb757","11a6c80499be33bedff712743e6965a782308a526eca326d84d0bc399d8bb757",
".summer/00_Docs/27-30/27-A-J/27H_Fantasy_Voxel_Civilisation_Sandbox_Trade_Routes_Caravans_Regional_Exchange_and_Cross_Realm_Commerce_v0_1.md","??","propose_stage","preserve_current_poc_source_or_supplied_source_corpus","616e4066ee5ff73a10701f388a1fba719025a1c505510f1a708977b486a7a4e2","616e4066ee5ff73a10701f388a1fba719025a1c505510f1a708977b486a7a4e2",
".summer/00_Docs/27-30/27-A-J/27I_Fantasy_Voxel_Civilisation_Sandbox_Monopolies_Embargoes_Smuggling_Black_Markets_and_Economic_Conflict_v0_1.md","??","propose_stage","preserve_current_poc_source_or_supplied_source_corpus","182b46e161e1bab54331e65ac70c077fe6f288d7cd4c79e27a5056e85eb5ce95","182b46e161e1bab54331e65ac70c077fe6f288d7cd4c79e27a5056e85eb5ce95",
".summer/00_Docs/27-30/27-A-J/27J_Fantasy_Voxel_Civilisation_Sandbox_Economy_UI_Simulation_LOD_Multiplayer_Registries_and_Integration_v0_2.md","??","propose_stage","preserve_current_poc_source_or_supplied_source_corpus","0d7a1dee2119d4a8e4f3d292e7cde3176c8beba152f51bd705934fbac35fb5c3","0d7a1dee2119d4a8e4f3d292e7cde3176c8beba152f51bd705934fbac35fb5c3",
".summer/00_Docs/27-30/27-A-J/FINAL_RECONCILIATION_NOTICE_v0_2.md","??","propose_stage","preserve_current_poc_source_or_supplied_source_corpus","7fcc51d5018e63cbfbf82e67362bc41e9b2065d2c65df61c97551060f7cd6bf5","7fcc51d5018e63cbfbf82e67362bc41e9b2065d2c65df61c97551060f7cd6bf5",
".summer/00_Docs/27-30/27-A-J/Leyforge_Document_Sets_27-30_Cross-Set_Interface_Register_v1_1_Final_Reconciled.md","??","propose_stage","preserve_current_poc_source_or_supplied_source_corpus","e933c7e27258f3dd2d71122de5973ff7e4e45858c0054a1d6f9f1091b9325dbc","e933c7e27258f3dd2d71122de5973ff7e4e45858c0054a1d6f9f1091b9325dbc",
".summer/00_Docs/27-30/27-A-J/Leyforge_Document_Sets_27-30_Final_Cross-Set_Reconciliation_and_Integration_Report_v1_1.md","??","propose_stage","preserve_current_poc_source_or_supplied_source_corpus","ed8119496fa419c4b2a00d43178647a3fcd8c27099f9e25315a098ef0e086318","ed8119496fa419c4b2a00d43178647a3fcd8c27099f9e25315a098ef0e086318",
".summer/00_Docs/27-30/27-A-J/MANIFEST.txt","??","propose_stage","preserve_current_poc_source_or_supplied_source_corpus","74543922f4374c6c0f8ef4df945551b78a34a546e5d7ff05d230e590e6d5727d","74543922f4374c6c0f8ef4df945551b78a34a546e5d7ff05d230e590e6d5727d",
".summer/00_Docs/27-30/27-A-J/README.txt","??","propose_stage","preserve_current_poc_source_or_supplied_source_corpus","d7829a8afaa163fe0be2743de37e81cb7b8310e7c2a1555fbdbfb63e850200d5","d7829a8afaa163fe0be2743de37e81cb7b8310e7c2a1555fbdbfb63e850200d5",
".summer/00_Docs/27-30/27-A-J/README_Sets_27-30_Final_Reconciled_v1_1.txt","??","propose_stage","preserve_current_poc_source_or_supplied_source_corpus","14607ab9930b2c53465d0e353365ffee933143461cfebedfc07bdb580f135645","14607ab9930b2c53465d0e353365ffee933143461cfebedfc07bdb580f135645",
".summer/00_Docs/27-30/27-A-J/SHA256SUMS.txt","??","propose_stage","preserve_current_poc_source_or_supplied_source_corpus","b94c2ca863a07aaecebd83c63b1c7a81e0419f7b373880506f4329fe3c05b2c6","b94c2ca863a07aaecebd83c63b1c7a81e0419f7b373880506f4329fe3c05b2c6",
".summer/00_Docs/27-30/28-A-J/28A_Fantasy_Voxel_Civilisation_Sandbox_Social_System_Vision_Architecture_and_Ownership_v0_1.md","??","propose_stage","preserve_current_poc_source_or_supplied_source_corpus","0b19a6074c5106f43ae48449bb12e1f4136ff09a8b85933073e52b5cabeefd1a","0b19a6074c5106f43ae48449bb12e1f4136ff09a8b85933073e52b5cabeefd1a",
".summer/00_Docs/27-30/28-A-J/28B_Fantasy_Voxel_Civilisation_Sandbox_Dialogue_Runtime_Conversation_Structure_and_Context_v0_1.md","??","propose_stage","preserve_current_poc_source_or_supplied_source_corpus","edb5b36c27b8289c102bfef9c0697f3d538d34786d06a1e431e8b003ef0a132e","edb5b36c27b8289c102bfef9c0697f3d538d34786d06a1e431e8b003ef0a132e",
".summer/00_Docs/27-30/28-A-J/28C_Fantasy_Voxel_Civilisation_Sandbox_Knowledge_Rumours_Truth_Lies_Languages_and_Information_Spread_v0_1.md","??","propose_stage","preserve_current_poc_source_or_supplied_source_corpus","99ca802d38ce91c375d0704513cdc894d043a1ae51758d4c59d130401a368cc8","99ca802d38ce91c375d0704513cdc894d043a1ae51758d4c59d130401a368cc8",
".summer/00_Docs/27-30/28-A-J/28D_Fantasy_Voxel_Civilisation_Sandbox_Relationships_Memory_Trust_Loyalty_Affection_and_Rivalry_v0_1.md","??","propose_stage","preserve_current_poc_source_or_supplied_source_corpus","52cc089c4c03f6bcf6d21747efeed626e928ad981514b28e0484c5a9ddaaa7ed","52cc089c4c03f6bcf6d21747efeed626e928ad981514b28e0484c5a9ddaaa7ed",
".summer/00_Docs/27-30/28-A-J/28E_Fantasy_Voxel_Civilisation_Sandbox_Persuasion_Negotiation_Intimidation_Etiquette_and_Social_Consequences_v0_1.md","??","propose_stage","preserve_current_poc_source_or_supplied_source_corpus","ddbca25d721a045357198e9f6c06e70fb492d65bb1f88ea8b687b647bd4e2845","ddbca25d721a045357198e9f6c06e70fb492d65bb1f88ea8b687b647bd4e2845",
".summer/00_Docs/27-30/28-A-J/28F_Fantasy_Voxel_Civilisation_Sandbox_Companion_Follower_Hireling_and_Temporary_Ally_System_v0_1.md","??","propose_stage","preserve_current_poc_source_or_supplied_source_corpus","1fbfcae9bd9d06258d6c68550fdd12c5612d761ca4206d132fab253c4c8a1d3c","1fbfcae9bd9d06258d6c68550fdd12c5612d761ca4206d132fab253c4c8a1d3c",
".summer/00_Docs/27-30/28-A-J/28G_Fantasy_Voxel_Civilisation_Sandbox_Orders_Delegation_Assignments_Autonomy_and_Off_Screen_Resolution_v0_1.md","??","propose_stage","preserve_current_poc_source_or_supplied_source_corpus","d6c06f5d92882752ea85a059523da09d34c55f0341de8d6f41b9fdf059e0fb7b","d6c06f5d92882752ea85a059523da09d34c55f0341de8d6f41b9fdf059e0fb7b",
".summer/00_Docs/27-30/28-A-J/28H_Fantasy_Voxel_Civilisation_Sandbox_Authored_Procedural_and_AI_Assisted_Dialogue_Governance_v0_1.md","??","propose_stage","preserve_current_poc_source_or_supplied_source_corpus","77065c909791812fbd281a07003552e4db6e61a5f04fa6e71d9d511a828aafd8","77065c909791812fbd281a07003552e4db6e61a5f04fa6e71d9d511a828aafd8",
".summer/00_Docs/27-30/28-A-J/28I_Fantasy_Voxel_Civilisation_Sandbox_Voice_Localisation_Accessibility_UI_and_Presentation_v0_1.md","??","propose_stage","preserve_current_poc_source_or_supplied_source_corpus","ee9af5d1d9e53173b86c70e0cc624fc22ed4df7ed185194cee386490e70c20b5","ee9af5d1d9e53173b86c70e0cc624fc22ed4df7ed185194cee386490e70c20b5",
".summer/00_Docs/27-30/28-A-J/28J_Fantasy_Voxel_Civilisation_Sandbox_Multiplayer_Persistence_Registries_Validation_and_Cross_System_Integration_v0_2.md","??","propose_stage","preserve_current_poc_source_or_supplied_source_corpus","677e915f3c8716f39528c6cde5c5f32ee9d4de4e012a1ab09a2a47deda48f504","677e915f3c8716f39528c6cde5c5f32ee9d4de4e012a1ab09a2a47deda48f504",
".summer/00_Docs/27-30/28-A-J/FINAL_RECONCILIATION_NOTICE_v0_2.md","??","propose_stage","preserve_current_poc_source_or_supplied_source_corpus","a2f525204e1e1641aa7abc3befbc08d2fbc6873ea50905b438db3e43689e19a9","a2f525204e1e1641aa7abc3befbc08d2fbc6873ea50905b438db3e43689e19a9",
".summer/00_Docs/27-30/28-A-J/Leyforge_Document_Sets_27-30_Cross-Set_Interface_Register_v1_1_Final_Reconciled.md","??","propose_stage","preserve_current_poc_source_or_supplied_source_corpus","e933c7e27258f3dd2d71122de5973ff7e4e45858c0054a1d6f9f1091b9325dbc","e933c7e27258f3dd2d71122de5973ff7e4e45858c0054a1d6f9f1091b9325dbc",
".summer/00_Docs/27-30/28-A-J/Leyforge_Document_Sets_27-30_Final_Cross-Set_Reconciliation_and_Integration_Report_v1_1.md","??","propose_stage","preserve_current_poc_source_or_supplied_source_corpus","ed8119496fa419c4b2a00d43178647a3fcd8c27099f9e25315a098ef0e086318","ed8119496fa419c4b2a00d43178647a3fcd8c27099f9e25315a098ef0e086318",
".summer/00_Docs/27-30/28-A-J/MANIFEST.txt","??","propose_stage","preserve_current_poc_source_or_supplied_source_corpus","df9332722373c1459eb957ba18b53baaf5f917004774c3cd8e7ab22208e7ecee","df9332722373c1459eb957ba18b53baaf5f917004774c3cd8e7ab22208e7ecee",
".summer/00_Docs/27-30/28-A-J/README.md","??","propose_stage","preserve_current_poc_source_or_supplied_source_corpus","038b122e829e9f9a9b3f5ec64e66fa260d55611ba0a94d2072e4849c119978a4","038b122e829e9f9a9b3f5ec64e66fa260d55611ba0a94d2072e4849c119978a4",
".summer/00_Docs/27-30/28-A-J/SHA256SUMS.txt","??","propose_stage","preserve_current_poc_source_or_supplied_source_corpus","816d4ae1e41d7b9fc3c42aa8498ee8675011c2bbea397f130dd7a46d1ad044bc","816d4ae1e41d7b9fc3c42aa8498ee8675011c2bbea397f130dd7a46d1ad044bc",
".summer/00_Docs/27-30/29-A-J/29A_Fantasy_Voxel_Civilisation_Sandbox_Survival_Health_and_Biological_System_Foundation_v0_1.md","??","propose_stage","preserve_current_poc_source_or_supplied_source_corpus","936ae5f5a24dcf3ba4b187a9d5a4bac7febe3ee269174ed8ee9c4d7a67d48b84","936ae5f5a24dcf3ba4b187a9d5a4bac7febe3ee269174ed8ee9c4d7a67d48b84",
".summer/00_Docs/27-30/29-A-J/29B_Fantasy_Voxel_Civilisation_Sandbox_Health_Stamina_Exertion_Fatigue_and_Biological_Recovery_v0_1.md","??","propose_stage","preserve_current_poc_source_or_supplied_source_corpus","aa2737efa3962fd9d6100797f823dc68f8b0519f3351f1bac94aa02de5c113d8","aa2737efa3962fd9d6100797f823dc68f8b0519f3351f1bac94aa02de5c113d8",
".summer/00_Docs/27-30/29-A-J/29C_Fantasy_Voxel_Civilisation_Sandbox_Hunger_Thirst_Nutrition_and_Consumption_v0_1.md","??","propose_stage","preserve_current_poc_source_or_supplied_source_corpus","9e8d6b055da7aa23e3631eb916ddca64ac401bd49af41986afe5a5e8b6f90b86","9e8d6b055da7aa23e3631eb916ddca64ac401bd49af41986afe5a5e8b6f90b86",
".summer/00_Docs/27-30/29-A-J/29D_Fantasy_Voxel_Civilisation_Sandbox_Temperature_Wetness_Shelter_Sleep_and_Environmental_Exposure_v0_1.md","??","propose_stage","preserve_current_poc_source_or_supplied_source_corpus","68d34a19dc981bcfa454fd8b5b2afd6323328946d219c422fc25089a58b54390","68d34a19dc981bcfa454fd8b5b2afd6323328946d219c422fc25089a58b54390",
".summer/00_Docs/27-30/29-A-J/29E_Fantasy_Voxel_Civilisation_Sandbox_Injuries_Wounds_Bleeding_Pain_and_Functional_Impairment_v0_1.md","??","propose_stage","preserve_current_poc_source_or_supplied_source_corpus","833eedec8b5695845f14b652e75953934c0889795ee54cc3ddc3f538a6947b64","833eedec8b5695845f14b652e75953934c0889795ee54cc3ddc3f538a6947b64",
".summer/00_Docs/27-30/29-A-J/29F_Fantasy_Voxel_Civilisation_Sandbox_Disease_Infection_Poison_Toxins_and_Biological_Hazards_v0_1.md","??","propose_stage","preserve_current_poc_source_or_supplied_source_corpus","6a07e0d9f0b56d24bc1286583873b630e9637d5a029e3dc13e6b05d4dcfff5bd","6a07e0d9f0b56d24bc1286583873b630e9637d5a029e3dc13e6b05d4dcfff5bd",
".summer/00_Docs/27-30/29-A-J/29G_Fantasy_Voxel_Civilisation_Sandbox_Medicine_First_Aid_Healing_Treatment_and_Rehabilitation_v0_1.md","??","propose_stage","preserve_current_poc_source_or_supplied_source_corpus","044cae570591cbac98fd9424a93e3a2551e15c651d1a33ce7ae48914e32877ca","044cae570591cbac98fd9424a93e3a2551e15c651d1a33ce7ae48914e32877ca",
".summer/00_Docs/27-30/29-A-J/29H_Fantasy_Voxel_Civilisation_Sandbox_Biological_Profiles_Equipment_Magic_Settlement_and_Environmental_Integration_v0_1.md","??","propose_stage","preserve_current_poc_source_or_supplied_source_corpus","aaa95b462c96eadbb9ce36ae69d1d16214b5195333ac0dab0ba7d2c2ba60a86d","aaa95b462c96eadbb9ce36ae69d1d16214b5195333ac0dab0ba7d2c2ba60a86d",
".summer/00_Docs/27-30/29-A-J/29I_Fantasy_Voxel_Civilisation_Sandbox_Simulation_LOD_Multiplayer_Persistence_UI_and_Accessibility_v0_1.md","??","propose_stage","preserve_current_poc_source_or_supplied_source_corpus","7093be4cda50ea8459af469ed3b24e4d99d79714c5c6ba5d4ec7e19c330695eb","7093be4cda50ea8459af469ed3b24e4d99d79714c5c6ba5d4ec7e19c330695eb",
".summer/00_Docs/27-30/29-A-J/29J_Fantasy_Voxel_Civilisation_Sandbox_Biological_Registries_APIs_Balance_Framework_Validation_and_Cross_System_Integration_v0_2.md","??","propose_stage","preserve_current_poc_source_or_supplied_source_corpus","a3b9093c62da14d10f185cc13351d37cb7235b9c34adceca8eeaed694e09f8f2","a3b9093c62da14d10f185cc13351d37cb7235b9c34adceca8eeaed694e09f8f2",
".summer/00_Docs/27-30/29-A-J/FINAL_RECONCILIATION_NOTICE_v0_2.md","??","propose_stage","preserve_current_poc_source_or_supplied_source_corpus","40ef3ca8be4dee6932befa5c6dd2c1cac1e716113e725b874d58a492acffa624","40ef3ca8be4dee6932befa5c6dd2c1cac1e716113e725b874d58a492acffa624",
".summer/00_Docs/27-30/29-A-J/MANIFEST.txt","??","propose_stage","preserve_current_poc_source_or_supplied_source_corpus","9a18ccac5bc8612a4d13a81b42d7af8d8ba08d2138af91ab2d208538dbc89247","9a18ccac5bc8612a4d13a81b42d7af8d8ba08d2138af91ab2d208538dbc89247",
".summer/00_Docs/27-30/29-A-J/README.md","??","propose_stage","preserve_current_poc_source_or_supplied_source_corpus","3acec0cfb0ecef3dff83e9cd7338efff9d9d2126d8fba969e976152c71563162","3acec0cfb0ecef3dff83e9cd7338efff9d9d2126d8fba969e976152c71563162",
".summer/00_Docs/27-30/29-A-J/SHA256SUMS.txt","??","propose_stage","preserve_current_poc_source_or_supplied_source_corpus","3ec7f48bd0dd9a42af23ebfa26fe8fbbe18445889f91492210ed09c40f8e0d6d","3ec7f48bd0dd9a42af23ebfa26fe8fbbe18445889f91492210ed09c40f8e0d6d",
".summer/00_Docs/27-30/30-A-J/30A_Fantasy_Voxel_Civilisation_Sandbox_Movement_Traversal_and_Transportation_System_Architecture_v0_1.md","??","propose_stage","preserve_current_poc_source_or_supplied_source_corpus","464733b690cf205b0096118b5e65133ab39e35646a1c641fa81731b1e172a4c2","464733b690cf205b0096118b5e65133ab39e35646a1c641fa81731b1e172a4c2",
".summer/00_Docs/27-30/30-A-J/30B_Fantasy_Voxel_Civilisation_Sandbox_Core_Player_Locomotion_Controls_Camera_and_Movement_States_v0_1.md","??","propose_stage","preserve_current_poc_source_or_supplied_source_corpus","3ea9e231f1b12a32efc5eb23dd72f1ed0c02dcf683a5378124011eee4dbad132","3ea9e231f1b12a32efc5eb23dd72f1ed0c02dcf683a5378124011eee4dbad132",
".summer/00_Docs/27-30/30-A-J/30C_Fantasy_Voxel_Civilisation_Sandbox_Climbing_Vaulting_Mantling_Ladders_Ropes_and_Grappling_v0_1.md","??","propose_stage","preserve_current_poc_source_or_supplied_source_corpus","813f3e22efb537d38cb1365c8d6e57c1908d002811c0aeb657925017b770e553","813f3e22efb537d38cb1365c8d6e57c1908d002811c0aeb657925017b770e553",
".summer/00_Docs/27-30/30-A-J/30D_Fantasy_Voxel_Civilisation_Sandbox_Gliding_Falling_Aerial_Traversal_and_Environmental_Movement_v0_1.md","??","propose_stage","preserve_current_poc_source_or_supplied_source_corpus","44bd5abc7a6a3cb5f953c93412613bec548ac88e80778d375bc9c8a3ecf6b0fe","44bd5abc7a6a3cb5f953c93412613bec548ac88e80778d375bc9c8a3ecf6b0fe",
".summer/00_Docs/27-30/30-A-J/30E_Fantasy_Voxel_Civilisation_Sandbox_Mounts_Riding_Saddles_Harnesses_and_Mounted_Traversal_v0_1.md","??","propose_stage","preserve_current_poc_source_or_supplied_source_corpus","3e520fbdb202da2cbfe4a276e137b6b243535b1b9c0c29fe891f57d1630f5f50","3e520fbdb202da2cbfe4a276e137b6b243535b1b9c0c29fe891f57d1630f5f50",
".summer/00_Docs/27-30/30-A-J/30F_Fantasy_Voxel_Civilisation_Sandbox_Work_Animals_Handcarts_Wagons_Carriages_and_Caravans_v0_1.md","??","propose_stage","preserve_current_poc_source_or_supplied_source_corpus","8d8c23ef53b5e5da26a8181c44bbc05d05b4ecd98ddec86cb662c7b5fee0f126","8d8c23ef53b5e5da26a8181c44bbc05d05b4ecd98ddec86cb662c7b5fee0f126",
".summer/00_Docs/27-30/30-A-J/30G_Fantasy_Voxel_Civilisation_Sandbox_Rails_Minecarts_Elevators_and_Powered_Land_Transportation_v0_1.md","??","propose_stage","preserve_current_poc_source_or_supplied_source_corpus","1f457dabd99f292aec53e22fc3d77477220e40db3cd9b39d1d262be0678ee835","1f457dabd99f292aec53e22fc3d77477220e40db3cd9b39d1d262be0678ee835",
".summer/00_Docs/27-30/30-A-J/30H_Fantasy_Voxel_Civilisation_Sandbox_Roads_Routes_Terrain_Accessibility_Navigation_and_Long_Distance_Travel_v0_1.md","??","propose_stage","preserve_current_poc_source_or_supplied_source_corpus","9efe9910544e41b0fd2f85102cdc8a191870de7122b643e13992d108ea47c422","9efe9910544e41b0fd2f85102cdc8a191870de7122b643e13992d108ea47c422",
".summer/00_Docs/27-30/30-A-J/30I_Fantasy_Voxel_Civilisation_Sandbox_NPC_Navigation_Pathfinding_Formations_Multiplayer_and_Persistence_v0_1.md","??","propose_stage","preserve_current_poc_source_or_supplied_source_corpus","babf7c28c2d84ca48c422c22562c245b6ea1e6351c7755e7e86bc98cc67e4590","babf7c28c2d84ca48c422c22562c245b6ea1e6351c7755e7e86bc98cc67e4590",
".summer/00_Docs/27-30/30-A-J/30J_Fantasy_Voxel_Civilisation_Sandbox_Movement_Registries_Physics_Contracts_Validation_and_Final_Integration_v0_2.md","??","propose_stage","preserve_current_poc_source_or_supplied_source_corpus","6db2bcf278a863a82db90f4eaa22f032433905b62cf2eaa56f69f29e1c453f52","6db2bcf278a863a82db90f4eaa22f032433905b62cf2eaa56f69f29e1c453f52",
".summer/00_Docs/27-30/30-A-J/FINAL_RECONCILIATION_NOTICE_v0_2.md","??","propose_stage","preserve_current_poc_source_or_supplied_source_corpus","6681454bd6e12454dc9b13c292acdef56c2c7d1a8d0dd0bffe36f86f6cb95340","6681454bd6e12454dc9b13c292acdef56c2c7d1a8d0dd0bffe36f86f6cb95340",
".summer/00_Docs/27-30/30-A-J/MANIFEST.txt","??","propose_stage","preserve_current_poc_source_or_supplied_source_corpus","cace2d06dc2143cb7ef342335bad7b79b6e199666af9eb268f3320be77bc3dd8","cace2d06dc2143cb7ef342335bad7b79b6e199666af9eb268f3320be77bc3dd8",
".summer/00_Docs/27-30/30-A-J/README.md","??","propose_stage","preserve_current_poc_source_or_supplied_source_corpus","3b1bede9f22fb6f0310a3743c3bac944d31a4cd26981508b86f69047e6f2bcf8","3b1bede9f22fb6f0310a3743c3bac944d31a4cd26981508b86f69047e6f2bcf8",
".summer/00_Docs/27-30/30-A-J/SHA256SUMS.txt","??","propose_stage","preserve_current_poc_source_or_supplied_source_corpus","ababe5a18f67d5032d21601d13d7461d89c2c5c87e6af3ed9462bf6fdaff01f3","ababe5a18f67d5032d21601d13d7461d89c2c5c87e6af3ed9462bf6fdaff01f3",
".summer/00_Docs/27-30/FINAL_RECONCILIATION_NOTICE_v0_2.md","??","propose_stage","preserve_current_poc_source_or_supplied_source_corpus","6681454bd6e12454dc9b13c292acdef56c2c7d1a8d0dd0bffe36f86f6cb95340","6681454bd6e12454dc9b13c292acdef56c2c7d1a8d0dd0bffe36f86f6cb95340",
".summer/00_Docs/27-30/Leyforge_Document_Sets_27-30_Cross-Set_Interface_Register_v1_1_Final_Reconciled.docx","??","propose_stage","preserve_current_poc_source_or_supplied_source_corpus","8aa43c5cb7ea78249b468e391f790a90148c5d7a97f61c9dcf905cd5064820ee","8aa43c5cb7ea78249b468e391f790a90148c5d7a97f61c9dcf905cd5064820ee",
".summer/00_Docs/27-30/Leyforge_Document_Sets_27-30_Cross-Set_Interface_Register_v1_1_Final_Reconciled.md","??","propose_stage","preserve_current_poc_source_or_supplied_source_corpus","e933c7e27258f3dd2d71122de5973ff7e4e45858c0054a1d6f9f1091b9325dbc","e933c7e27258f3dd2d71122de5973ff7e4e45858c0054a1d6f9f1091b9325dbc",
".summer/00_Docs/27-30/Leyforge_Document_Sets_27-30_Final_Cross-Set_Reconciliation_and_Integration_Report_v1_1.docx","??","propose_stage","preserve_current_poc_source_or_supplied_source_corpus","1a456f5f00ce4eec0dcdb64151f8d366684de765084e367eb0e2d0e04faf56a3","1a456f5f00ce4eec0dcdb64151f8d366684de765084e367eb0e2d0e04faf56a3",
".summer/00_Docs/27-30/Leyforge_Document_Sets_27-30_Final_Cross-Set_Reconciliation_and_Integration_Report_v1_1.md","??","propose_stage","preserve_current_poc_source_or_supplied_source_corpus","ed8119496fa419c4b2a00d43178647a3fcd8c27099f9e25315a098ef0e086318","ed8119496fa419c4b2a00d43178647a3fcd8c27099f9e25315a098ef0e086318",
".summer/00_Docs/27-30/MANIFEST.txt","??","propose_stage","preserve_current_poc_source_or_supplied_source_corpus","cace2d06dc2143cb7ef342335bad7b79b6e199666af9eb268f3320be77bc3dd8","cace2d06dc2143cb7ef342335bad7b79b6e199666af9eb268f3320be77bc3dd8",
".summer/00_Docs/27-30/README.md","??","propose_stage","preserve_current_poc_source_or_supplied_source_corpus","3b1bede9f22fb6f0310a3743c3bac944d31a4cd26981508b86f69047e6f2bcf8","3b1bede9f22fb6f0310a3743c3bac944d31a4cd26981508b86f69047e6f2bcf8",
".summer/00_Docs/27-30/SHA256SUMS.txt","??","propose_stage","preserve_current_poc_source_or_supplied_source_corpus","ababe5a18f67d5032d21601d13d7461d89c2c5c87e6af3ed9462bf6fdaff01f3","ababe5a18f67d5032d21601d13d7461d89c2c5c87e6af3ed9462bf6fdaff01f3",
".summer/00_Docs/27-A-J/27A_Fantasy_Voxel_Civilisation_Sandbox_Economic_Vision_Architecture_and_Ownership_v0_1.md"," D","propose_stage_deletion","content_relocation_verified_original_blob_preserved",,,"96f21126d017578bf41fef2ff734e2bd48ea3229"
".summer/00_Docs/27-A-J/27B_Fantasy_Voxel_Civilisation_Sandbox_Currency_Barter_Value_and_Price_Formation_v0_1.md"," D","propose_stage_deletion","content_relocation_verified_original_blob_preserved",,,"b685e34a3987d0f8730d2a744bb5f6caa8afb69c"
".summer/00_Docs/27-A-J/27C_Fantasy_Voxel_Civilisation_Sandbox_Markets_Merchants_Stock_and_Supply_Demand_Simulation_v0_1.md"," D","propose_stage_deletion","content_relocation_verified_original_blob_preserved",,,"a13863238bf9fa468338c54625e68a265fe3049e"
".summer/00_Docs/27-A-J/27D_Fantasy_Voxel_Civilisation_Sandbox_Labour_Wages_Households_Businesses_and_Ownership_v0_1.md"," D","propose_stage_deletion","content_relocation_verified_original_blob_preserved",,,"a9863d9d12168706371ee24a9bac9b9042ec6e80"
".summer/00_Docs/27-A-J/27E_Fantasy_Voxel_Civilisation_Sandbox_Contracts_Orders_Services_Breach_and_Enforcement_v0_1.md"," D","propose_stage_deletion","content_relocation_verified_original_blob_preserved",,,"2aa7ef74681095ff5f98e8c22919ff2ca86636a8"
".summer/00_Docs/27-A-J/27F_Fantasy_Voxel_Civilisation_Sandbox_Credit_Debt_Banking_Insurance_and_Financial_Risk_v0_1.md"," D","propose_stage_deletion","content_relocation_verified_original_blob_preserved",,,"a7374d14584dcee5b3112486229d72e95eeb2920"
".summer/00_Docs/27-A-J/27G_Fantasy_Voxel_Civilisation_Sandbox_Taxation_Tariffs_Treasuries_and_Public_Finance_v0_1.md"," D","propose_stage_deletion","content_relocation_verified_original_blob_preserved",,,"c4532f1b0f17409dd715a2bc21afbb0267f6d663"
".summer/00_Docs/27-A-J/27H_Fantasy_Voxel_Civilisation_Sandbox_Trade_Routes_Caravans_Regional_Exchange_and_Cross_Realm_Commerce_v0_1.md"," D","propose_stage_deletion","content_relocation_verified_original_blob_preserved",,,"241e96190dbf19a06017c2cd5702687720ad1ce2"
".summer/00_Docs/27-A-J/27I_Fantasy_Voxel_Civilisation_Sandbox_Monopolies_Embargoes_Smuggling_Black_Markets_and_Economic_Conflict_v0_1.md"," D","propose_stage_deletion","content_relocation_verified_original_blob_preserved",,,"cd4e133f8c6d9a59b777f771c86f460f5e077350"
".summer/00_Docs/27-A-J/27J_Fantasy_Voxel_Civilisation_Sandbox_Economy_UI_Simulation_LOD_Multiplayer_Registries_and_Integration_v0_2.md"," D","propose_stage_deletion","content_relocation_verified_original_blob_preserved",,,"c833d0b513a262644b63e6b228caefcb379d1bfb"
".summer/00_Docs/27-A-J/FINAL_RECONCILIATION_NOTICE_v0_2.md"," D","propose_stage_deletion","content_relocation_verified_original_blob_preserved",,,"69100d7a5d29b6d18ba13b3ec65ff07425c7801f"
".summer/00_Docs/27-A-J/Leyforge_Document_Sets_27-30_Cross-Set_Interface_Register_v1_1_Final_Reconciled.md"," D","propose_stage_deletion","content_relocation_verified_original_blob_preserved",,,"1a0821118f7f93d9dacdc621822206ef014e31db"
".summer/00_Docs/27-A-J/Leyforge_Document_Sets_27-30_Final_Cross-Set_Reconciliation_and_Integration_Report_v1_1.md"," D","propose_stage_deletion","content_relocation_verified_original_blob_preserved",,,"a20cf8645643e43e953206af6f78cfe9977e5f14"
".summer/00_Docs/27-A-J/MANIFEST.txt"," D","propose_stage_deletion","content_relocation_verified_original_blob_preserved",,,"634cec52e1ab9a2b39ba861bf81d32e296ab148f"
".summer/00_Docs/27-A-J/README.txt"," D","propose_stage_deletion","content_relocation_verified_original_blob_preserved",,,"56c8170118d4e532dcbd5d5e1ace8e1e3755d538"
".summer/00_Docs/27-A-J/README_Sets_27-30_Final_Reconciled_v1_1.txt"," D","propose_stage_deletion","content_relocation_verified_original_blob_preserved",,,"aa5605674422290f21de179dacb50585d26ffef2"
".summer/00_Docs/27-A-J/SHA256SUMS.txt"," D","propose_stage_deletion","content_relocation_verified_original_blob_preserved",,,"5d8fa343b95d60ec8225d3410d1c199a81c36757"
".summer/00_Docs/28-A-J/28A_Fantasy_Voxel_Civilisation_Sandbox_Social_System_Vision_Architecture_and_Ownership_v0_1.md"," D","propose_stage_deletion","content_relocation_verified_original_blob_preserved",,,"7db070707e7ee8ac14a45ea41f542bec81372a04"
".summer/00_Docs/28-A-J/28B_Fantasy_Voxel_Civilisation_Sandbox_Dialogue_Runtime_Conversation_Structure_and_Context_v0_1.md"," D","propose_stage_deletion","content_relocation_verified_original_blob_preserved",,,"b8a2ad75b3e450d5d4fc5fbb9953a805e6e7bb5b"
".summer/00_Docs/28-A-J/28C_Fantasy_Voxel_Civilisation_Sandbox_Knowledge_Rumours_Truth_Lies_Languages_and_Information_Spread_v0_1.md"," D","propose_stage_deletion","content_relocation_verified_original_blob_preserved",,,"243617bfa93edba44af92a909b6806bc245aa3fb"
".summer/00_Docs/28-A-J/28D_Fantasy_Voxel_Civilisation_Sandbox_Relationships_Memory_Trust_Loyalty_Affection_and_Rivalry_v0_1.md"," D","propose_stage_deletion","content_relocation_verified_original_blob_preserved",,,"13b3bd1aa1c1ed6417c24b91b4e3b94f4d6f9e96"
".summer/00_Docs/28-A-J/28E_Fantasy_Voxel_Civilisation_Sandbox_Persuasion_Negotiation_Intimidation_Etiquette_and_Social_Consequences_v0_1.md"," D","propose_stage_deletion","content_relocation_verified_original_blob_preserved",,,"017a970e012e6139c965c654765dececa561c1b6"
".summer/00_Docs/28-A-J/28F_Fantasy_Voxel_Civilisation_Sandbox_Companion_Follower_Hireling_and_Temporary_Ally_System_v0_1.md"," D","propose_stage_deletion","content_relocation_verified_original_blob_preserved",,,"5341c1ca0c21b0485dc36e08069c5c0cf8826331"
".summer/00_Docs/28-A-J/28G_Fantasy_Voxel_Civilisation_Sandbox_Orders_Delegation_Assignments_Autonomy_and_Off_Screen_Resolution_v0_1.md"," D","propose_stage_deletion","content_relocation_verified_original_blob_preserved",,,"32defa61c9008a8666b1c5756fbb6e076a13203f"
".summer/00_Docs/28-A-J/28H_Fantasy_Voxel_Civilisation_Sandbox_Authored_Procedural_and_AI_Assisted_Dialogue_Governance_v0_1.md"," D","propose_stage_deletion","content_relocation_verified_original_blob_preserved",,,"ba64349ebc00e33c4f7caa7de91cadac76ea6aca"
".summer/00_Docs/28-A-J/28I_Fantasy_Voxel_Civilisation_Sandbox_Voice_Localisation_Accessibility_UI_and_Presentation_v0_1.md"," D","propose_stage_deletion","content_relocation_verified_original_blob_preserved",,,"dd04ab6288285904473e5a2d8c11a766ceb56ddf"
".summer/00_Docs/28-A-J/28J_Fantasy_Voxel_Civilisation_Sandbox_Multiplayer_Persistence_Registries_Validation_and_Cross_System_Integration_v0_2.md"," D","propose_stage_deletion","content_relocation_verified_original_blob_preserved",,,"c3cf483168de4e417ebce4fcf3df876cd03cc261"
".summer/00_Docs/28-A-J/FINAL_RECONCILIATION_NOTICE_v0_2.md"," D","propose_stage_deletion","content_relocation_verified_original_blob_preserved",,,"f688ed780b622ae0bede9d49461fbbceef0094bf"
".summer/00_Docs/28-A-J/Leyforge_Document_Sets_27-30_Cross-Set_Interface_Register_v1_1_Final_Reconciled.md"," D","propose_stage_deletion","content_relocation_verified_original_blob_preserved",,,"1a0821118f7f93d9dacdc621822206ef014e31db"
".summer/00_Docs/28-A-J/Leyforge_Document_Sets_27-30_Final_Cross-Set_Reconciliation_and_Integration_Report_v1_1.md"," D","propose_stage_deletion","content_relocation_verified_original_blob_preserved",,,"a20cf8645643e43e953206af6f78cfe9977e5f14"
".summer/00_Docs/28-A-J/MANIFEST.txt"," D","propose_stage_deletion","content_relocation_verified_original_blob_preserved",,,"14bab9935f87ced4f01de6ec306741b09874eb92"
".summer/00_Docs/28-A-J/README.md"," D","propose_stage_deletion","content_relocation_verified_original_blob_preserved",,,"85e4d795f1e341c7fbe26bb39573877c194adc86"
".summer/00_Docs/28-A-J/SHA256SUMS.txt"," D","propose_stage_deletion","content_relocation_verified_original_blob_preserved",,,"887b8548c28d27ce5ca66561773bf6e5171eac22"
".summer/00_Docs/29-A-J/29A_Fantasy_Voxel_Civilisation_Sandbox_Survival_Health_and_Biological_System_Foundation_v0_1.md"," D","propose_stage_deletion","content_relocation_verified_original_blob_preserved",,,"5e82b852aee148031ea15690a1ac3dc5c4d3c1eb"
".summer/00_Docs/29-A-J/29B_Fantasy_Voxel_Civilisation_Sandbox_Health_Stamina_Exertion_Fatigue_and_Biological_Recovery_v0_1.md"," D","propose_stage_deletion","content_relocation_verified_original_blob_preserved",,,"2f908fdbfd57d1f1dfd9857aaa87d8dfcc55de31"
".summer/00_Docs/29-A-J/29C_Fantasy_Voxel_Civilisation_Sandbox_Hunger_Thirst_Nutrition_and_Consumption_v0_1.md"," D","propose_stage_deletion","content_relocation_verified_original_blob_preserved",,,"1c2087a85988de53db654ce45fc95d96ba0a713f"
".summer/00_Docs/29-A-J/29D_Fantasy_Voxel_Civilisation_Sandbox_Temperature_Wetness_Shelter_Sleep_and_Environmental_Exposure_v0_1.md"," D","propose_stage_deletion","content_relocation_verified_original_blob_preserved",,,"57e9fc8d52af929b0e46c8d7326309924349f0a6"
".summer/00_Docs/29-A-J/29E_Fantasy_Voxel_Civilisation_Sandbox_Injuries_Wounds_Bleeding_Pain_and_Functional_Impairment_v0_1.md"," D","propose_stage_deletion","content_relocation_verified_original_blob_preserved",,,"8f952ada901b6a83c00676881b23ad40f49bf67f"
".summer/00_Docs/29-A-J/29F_Fantasy_Voxel_Civilisation_Sandbox_Disease_Infection_Poison_Toxins_and_Biological_Hazards_v0_1.md"," D","propose_stage_deletion","content_relocation_verified_original_blob_preserved",,,"d23c08d8804e1ab82b00366c842af20707747d11"
".summer/00_Docs/29-A-J/29G_Fantasy_Voxel_Civilisation_Sandbox_Medicine_First_Aid_Healing_Treatment_and_Rehabilitation_v0_1.md"," D","propose_stage_deletion","content_relocation_verified_original_blob_preserved",,,"0475245491d1c257fff77fa37fd9b375ae7b4412"
".summer/00_Docs/29-A-J/29H_Fantasy_Voxel_Civilisation_Sandbox_Biological_Profiles_Equipment_Magic_Settlement_and_Environmental_Integration_v0_1.md"," D","propose_stage_deletion","content_relocation_verified_original_blob_preserved",,,"5ba71a54d1129bffc7f2a08da86d2d9994a5f16c"
".summer/00_Docs/29-A-J/29I_Fantasy_Voxel_Civilisation_Sandbox_Simulation_LOD_Multiplayer_Persistence_UI_and_Accessibility_v0_1.md"," D","propose_stage_deletion","content_relocation_verified_original_blob_preserved",,,"1aecb1864cd9b21c1b1f0b3a853ec85f616b631f"
".summer/00_Docs/29-A-J/29J_Fantasy_Voxel_Civilisation_Sandbox_Biological_Registries_APIs_Balance_Framework_Validation_and_Cross_System_Integration_v0_2.md"," D","propose_stage_deletion","content_relocation_verified_original_blob_preserved",,,"8552a2a96904a99c4eaad4a0f8a2c0283042a103"
".summer/00_Docs/29-A-J/FINAL_RECONCILIATION_NOTICE_v0_2.md"," D","propose_stage_deletion","content_relocation_verified_original_blob_preserved",,,"17118ad00a9e3d1ff725d987060f89d2d31952d1"
".summer/00_Docs/29-A-J/MANIFEST.txt"," D","propose_stage_deletion","content_relocation_verified_original_blob_preserved",,,"a77a2800571f3e91dbf414cd99fb48669dbebaf8"
".summer/00_Docs/29-A-J/README.md"," D","propose_stage_deletion","content_relocation_verified_original_blob_preserved",,,"b8581d8e939197bd9755bf43af132bf829ab2246"
".summer/00_Docs/29-A-J/SHA256SUMS.txt"," D","propose_stage_deletion","content_relocation_verified_original_blob_preserved",,,"5c6cb436fbbd44d7da06cfc2430b7cbffb9efefc"
".summer/00_Docs/30-A-J/30A_Fantasy_Voxel_Civilisation_Sandbox_Movement_Traversal_and_Transportation_System_Architecture_v0_1.md"," D","propose_stage_deletion","content_relocation_verified_original_blob_preserved",,,"2e18d3630e860126bbec88c5676311eda136cbee"
".summer/00_Docs/30-A-J/30B_Fantasy_Voxel_Civilisation_Sandbox_Core_Player_Locomotion_Controls_Camera_and_Movement_States_v0_1.md"," D","propose_stage_deletion","content_relocation_verified_original_blob_preserved",,,"512e32163ece62c2fe27518c50e3ad6aa8e906be"
".summer/00_Docs/30-A-J/30C_Fantasy_Voxel_Civilisation_Sandbox_Climbing_Vaulting_Mantling_Ladders_Ropes_and_Grappling_v0_1.md"," D","propose_stage_deletion","content_relocation_verified_original_blob_preserved",,,"1b7702a6ee21a4612597090ebdab72926ee104af"
".summer/00_Docs/30-A-J/30D_Fantasy_Voxel_Civilisation_Sandbox_Gliding_Falling_Aerial_Traversal_and_Environmental_Movement_v0_1.md"," D","propose_stage_deletion","content_relocation_verified_original_blob_preserved",,,"8cd6a1719571e14ca2d2d64ff0ef3b6158e2964e"
".summer/00_Docs/30-A-J/30E_Fantasy_Voxel_Civilisation_Sandbox_Mounts_Riding_Saddles_Harnesses_and_Mounted_Traversal_v0_1.md"," D","propose_stage_deletion","content_relocation_verified_original_blob_preserved",,,"fed27fd53e3442f9c8958e818cdcddfff9e3a9f4"
".summer/00_Docs/30-A-J/30F_Fantasy_Voxel_Civilisation_Sandbox_Work_Animals_Handcarts_Wagons_Carriages_and_Caravans_v0_1.md"," D","propose_stage_deletion","content_relocation_verified_original_blob_preserved",,,"890cb1c5ed4cbe6f4ad6db103c23f370cfde5f35"
".summer/00_Docs/30-A-J/30G_Fantasy_Voxel_Civilisation_Sandbox_Rails_Minecarts_Elevators_and_Powered_Land_Transportation_v0_1.md"," D","propose_stage_deletion","content_relocation_verified_original_blob_preserved",,,"dc6db9d6a925ae052c176532c501ec17420c3f6a"
".summer/00_Docs/30-A-J/30H_Fantasy_Voxel_Civilisation_Sandbox_Roads_Routes_Terrain_Accessibility_Navigation_and_Long_Distance_Travel_v0_1.md"," D","propose_stage_deletion","content_relocation_verified_original_blob_preserved",,,"d44ee817832a83bc8ffd3b4fb4fb117c6c6bdc62"
".summer/00_Docs/30-A-J/30I_Fantasy_Voxel_Civilisation_Sandbox_NPC_Navigation_Pathfinding_Formations_Multiplayer_and_Persistence_v0_1.md"," D","propose_stage_deletion","content_relocation_verified_original_blob_preserved",,,"52df7d6a3e3fb5d7a31333c83e997c2e33ca6826"
".summer/00_Docs/30-A-J/30J_Fantasy_Voxel_Civilisation_Sandbox_Movement_Registries_Physics_Contracts_Validation_and_Final_Integration_v0_2.md"," D","propose_stage_deletion","content_relocation_verified_original_blob_preserved",,,"141fe262f0b8baaecf562eea6861dfc576c4d4f4"
".summer/00_Docs/30-A-J/FINAL_RECONCILIATION_NOTICE_v0_2.md"," D","propose_stage_deletion","content_relocation_verified_original_blob_preserved",,,"1c5fc2906e9b5cc351fab571dabb9af2d2f17331"
".summer/00_Docs/30-A-J/MANIFEST.txt"," D","propose_stage_deletion","content_relocation_verified_original_blob_preserved",,,"c75a857a9fa265d60f4ecd56a08d139376538390"
".summer/00_Docs/30-A-J/README.md"," D","propose_stage_deletion","content_relocation_verified_original_blob_preserved",,,"a0715ec9d5f6a85408adf964ce2ed14a33ae0fb0"
".summer/00_Docs/30-A-J/SHA256SUMS.txt"," D","propose_stage_deletion","content_relocation_verified_original_blob_preserved",,,"32923cc11f6b61b363a20f59dad9f4dd90054f80"
".summer/00_Docs/A-BRAIN/LF-BRAIN-01_Project_Brain_Architecture_and_Governance_Specification_v0.1.md","??","propose_stage","preserve_current_poc_source_or_supplied_source_corpus","5c695c4f1a84cf7d14265d7ce8fd3d8534b3071ce330714e336d824418e1538a","5c695c4f1a84cf7d14265d7ce8fd3d8534b3071ce330714e336d824418e1538a",
".summer/00_Docs/A-BRAIN/LF-BRAIN-02_Authority_and_Truth_Resolution_Model_v0.1.md","??","propose_stage","preserve_current_poc_source_or_supplied_source_corpus","5378279fc372e6256a5fed6a16583f816b4c6a42a6ac00b91c6c0d3af594bde9","5378279fc372e6256a5fed6a16583f816b4c6a42a6ac00b91c6c0d3af594bde9",
".summer/00_Docs/A-BRAIN/LF-BRAIN-03_Note-Type_Taxonomy_and_Information_Model_v0.1.md","??","propose_stage","preserve_current_poc_source_or_supplied_source_corpus","6885488f0bfbaed6febf60cfdd960303dac079d65758bfd9ee0eb665aa93e02c","6885488f0bfbaed6febf60cfdd960303dac079d65758bfd9ee0eb665aa93e02c",
".summer/00_Docs/A-BRAIN/LF-BRAIN-04_Brain_Schema_and_Metadata_Standard_v0.1.md","??","propose_stage","preserve_current_poc_source_or_supplied_source_corpus","4f9fbb2dfe7dca4c653dfe18308fbda933353e6405f84a870bcda0c9ca9c0e14","4f9fbb2dfe7dca4c653dfe18308fbda933353e6405f84a870bcda0c9ca9c0e14",
".summer/00_Docs/A-BRAIN/LF-BRAIN-05_Vault_Architecture_and_Navigation_Standard_v0.1.md","??","propose_stage","preserve_current_poc_source_or_supplied_source_corpus","b5116a1cdce4b99f352f82a04def6bb5d689347814eafe29c4100427a0c1a1f7","b5116a1cdce4b99f352f82a04def6bb5d689347814eafe29c4100427a0c1a1f7",
".summer/00_Docs/A-BRAIN/LF-BRAIN-06_Work_Records_and_Handoff_System_v0.1.md","??","propose_stage","preserve_current_poc_source_or_supplied_source_corpus","350212e1494bdda700876282d966cd33ed0a6a6dc6061c3a1614df0389054ab8","350212e1494bdda700876282d966cd33ed0a6a6dc6061c3a1614df0389054ab8",
".summer/00_Docs/A-BRAIN/LF-BRAIN-07_Skills_Procedures_and_Project_Learning_System_v0.1.md","??","propose_stage","preserve_current_poc_source_or_supplied_source_corpus","ac39308b08602df72938515473b0ce3ee73a4940457bb677210fddc961ccc56f","ac39308b08602df72938515473b0ce3ee73a4940457bb677210fddc961ccc56f",
".summer/00_Docs/A-BRAIN/LF-BRAIN-08_ADR_and_Decision_Management_Standard_v0.1.md","??","propose_stage","preserve_current_poc_source_or_supplied_source_corpus","848fadb5e84861ef5edf9b3a4f15fdb72195523454a63ba06e3c9c00323e180a","848fadb5e84861ef5edf9b3a4f15fdb72195523454a63ba06e3c9c00323e180a",
".summer/00_Docs/A-BRAIN/LF-BRAIN-09_Agent_Operating_Contract_v0.1.md","??","propose_stage","preserve_current_poc_source_or_supplied_source_corpus","0879cb61553a7de7dd4edf1523ad4cdc9eb8c560ff1a9e97324d37c7b64ba45d","0879cb61553a7de7dd4edf1523ad4cdc9eb8c560ff1a9e97324d37c7b64ba45d",
".summer/00_Docs/A-BRAIN/LF-BRAIN-10_Brain_Doctor_and_Validation_Standard_v0.1.md","??","propose_stage","preserve_current_poc_source_or_supplied_source_corpus","def36be346c152f63918d7332d173084bbef36cb2ae45e6a28d5ee6e0e395c9e","def36be346c152f63918d7332d173084bbef36cb2ae45e6a28d5ee6e0e395c9e",
".summer/00_Docs/A-BRAIN/LF-BRAIN-11_Automation_CLI_and_Git_Integration_Standard_v0.1.md","??","propose_stage","preserve_current_poc_source_or_supplied_source_corpus","162fe91639228c78dc6d53572c104ee1be17e641bd3c78f2bbb9f4afe193fce9","162fe91639228c78dc6d53572c104ee1be17e641bd3c78f2bbb9f4afe193fce9",
".summer/00_Docs/A-BRAIN/LF-BRAIN-12_Initial_Ingestion_and_Traceability_Plan_v0.1.md","??","propose_stage","preserve_current_poc_source_or_supplied_source_corpus","025390560883348d84ffc6b113e58b64690f500aed723a5143528e1a27db5934","025390560883348d84ffc6b113e58b64690f500aed723a5143528e1a27db5934",
".summer/00_Docs/A-BRAIN/LF-BRAIN-13_Pilot_Certification_and_Codex_Implementation_Handoff_v0.1.md","??","propose_stage","preserve_current_poc_source_or_supplied_source_corpus","d78ef7fa536d5dc2dd4af7519bd2827d31cff340a599eecc9515c29dcbf90ae7","d78ef7fa536d5dc2dd4af7519bd2827d31cff340a599eecc9515c29dcbf90ae7",
".summer/00_Docs/A-BRAIN/LF-BRAIN-SET-A_Reconciliation_and_Lock_Register_v0.1.md","??","propose_stage","preserve_current_poc_source_or_supplied_source_corpus","fbe6ad2f092f93c3b624e371f1b77cbb1f77f54ad3e467d5b3e4c9f564e5d279","fbe6ad2f092f93c3b624e371f1b77cbb1f77f54ad3e467d5b3e4c9f564e5d279",
".summer/00_Docs/A-BRAIN/README.md","??","propose_stage","preserve_current_poc_source_or_supplied_source_corpus","64af6ebf2335db5d027779596292eeeda352b822dafb5aae6a0ca24c6011e1b1","64af6ebf2335db5d027779596292eeeda352b822dafb5aae6a0ca24c6011e1b1",
".summer/00_Docs/A-BRAIN/SHA256SUMS.txt","??","propose_stage","preserve_current_poc_source_or_supplied_source_corpus","41f13b3035fa3787e17aae9102d8ccc8a381ecf24d89f42ec20815aaa08e3b98","41f13b3035fa3787e17aae9102d8ccc8a381ecf24d89f42ec20815aaa08e3b98",
".summer/00_Docs/ARCHIVED/00-20-Foundation/00_Fantasy_Voxel_Civilisation_Sandbox_Master_Game_Design_Bible_v0_1.md","??","propose_stage","preserve_current_poc_source_or_supplied_source_corpus","03f0415a53c9d2a98c37e4956ef8f7565f51b032d4d18be62eed5a2d45cd7a02","03f0415a53c9d2a98c37e4956ef8f7565f51b032d4d18be62eed5a2d45cd7a02",
".summer/00_Docs/ARCHIVED/00-20-Foundation/01_Fantasy_Voxel_Civilisation_Sandbox_Core_Gameplay_Loop_v0_1.md","??","propose_stage","preserve_current_poc_source_or_supplied_source_corpus","27b4fa3a26b41af3937d11d6ec6a211f3e92a21825440d808d419200c79bafa9","27b4fa3a26b41af3937d11d6ec6a211f3e92a21825440d808d419200c79bafa9",
".summer/00_Docs/ARCHIVED/00-20-Foundation/02_Fantasy_Voxel_Civilisation_Sandbox_Player_Progression_System_v0_1.md","??","propose_stage","preserve_current_poc_source_or_supplied_source_corpus","1b0abb85e5fad907634d39c3a1b755ace579c2891e5151fcacdf4f6ce41ed233","1b0abb85e5fad907634d39c3a1b755ace579c2891e5151fcacdf4f6ce41ed233",
".summer/00_Docs/ARCHIVED/00-20-Foundation/03_Fantasy_Voxel_Civilisation_Sandbox_Blocks_Registry_v0_1.md","??","propose_stage","preserve_current_poc_source_or_supplied_source_corpus","8f152759b9a1fe06b6f9880f1736cbc06e20ae4da47839b13f271c137d662d16","8f152759b9a1fe06b6f9880f1736cbc06e20ae4da47839b13f271c137d662d16",
".summer/00_Docs/ARCHIVED/00-20-Foundation/04_Fantasy_Voxel_Civilisation_Sandbox_Items_Registry_v0_1.md","??","propose_stage","preserve_current_poc_source_or_supplied_source_corpus","88c56e4d174ffd61cd312ea70fef09c7c387bb238b835374cfbca3ef9382289d","88c56e4d174ffd61cd312ea70fef09c7c387bb238b835374cfbca3ef9382289d",
".summer/00_Docs/ARCHIVED/00-20-Foundation/05_Fantasy_Voxel_Civilisation_Sandbox_Crafting_Recipe_Registry_v0_1.md","??","propose_stage","preserve_current_poc_source_or_supplied_source_corpus","a0a9cfceebca0d0b95beebab3e12ea8ef79b0ac2d2b652155ca773256779608f","a0a9cfceebca0d0b95beebab3e12ea8ef79b0ac2d2b652155ca773256779608f",
".summer/00_Docs/ARCHIVED/00-20-Foundation/06_Fantasy_Voxel_Civilisation_Sandbox_Resource_Progression_v0_1.md","??","propose_stage","preserve_current_poc_source_or_supplied_source_corpus","2d23d5cb1afc661fd8e9c91e79963ef575cdb8c2856b815c37ab1bb980460b1c","2d23d5cb1afc661fd8e9c91e79963ef575cdb8c2856b815c37ab1bb980460b1c",
".summer/00_Docs/ARCHIVED/00-20-Foundation/07_Fantasy_Voxel_Civilisation_Sandbox_NPC_Village_System_v0_1.md","??","propose_stage","preserve_current_poc_source_or_supplied_source_corpus","d1b0d5403d172687d76d593320eb5a07f5e93e88f87f5ec9fa727df97e438dd4","d1b0d5403d172687d76d593320eb5a07f5e93e88f87f5ec9fa727df97e438dd4",
".summer/00_Docs/ARCHIVED/00-20-Foundation/08_Fantasy_Voxel_Civilisation_Sandbox_Automation_System_v0_1.md","??","propose_stage","preserve_current_poc_source_or_supplied_source_corpus","14d17ffc57487262e4c359d10ff5c587fbf18cdbb2b295c81797391df0f1fe5e","14d17ffc57487262e4c359d10ff5c587fbf18cdbb2b295c81797391df0f1fe5e",
".summer/00_Docs/ARCHIVED/00-20-Foundation/09_Fantasy_Voxel_Civilisation_Sandbox_Magic_System_v0_1.md","??","propose_stage","preserve_current_poc_source_or_supplied_source_corpus","81654436f427bb14ddf4b455cccdb23765bd516231ff919b90fc94776ac8fba5","81654436f427bb14ddf4b455cccdb23765bd516231ff919b90fc94776ac8fba5",
".summer/00_Docs/ARCHIVED/00-20-Foundation/10_Fantasy_Voxel_Civilisation_Sandbox_Creatures_and_Monsters_v0_1.md","??","propose_stage","preserve_current_poc_source_or_supplied_source_corpus","eb9c5d1576529908937b492d1de0373fef31b3d4035518be2fbcf361e7724710","eb9c5d1576529908937b492d1de0373fef31b3d4035518be2fbcf361e7724710",
".summer/00_Docs/ARCHIVED/00-20-Foundation/11_Fantasy_Voxel_Civilisation_Sandbox_Biomes_and_World_Generation_v0_1.md","??","propose_stage","preserve_current_poc_source_or_supplied_source_corpus","5939655aaf0457a1655a2c1a6de60258b2c3407f70da59027107822cf87a1b32","5939655aaf0457a1655a2c1a6de60258b2c3407f70da59027107822cf87a1b32",
".summer/00_Docs/ARCHIVED/00-20-Foundation/12_Fantasy_Voxel_Civilisation_Sandbox_Structures_v0_1.md","??","propose_stage","preserve_current_poc_source_or_supplied_source_corpus","c05173c630ae0853a234c930d47e1f10cc192d3499a6533fec1d9ce7b2f73efe","c05173c630ae0853a234c930d47e1f10cc192d3499a6533fec1d9ce7b2f73efe",
".summer/00_Docs/ARCHIVED/00-20-Foundation/13_Fantasy_Voxel_Civilisation_Sandbox_Races_Peoples_Cultures_and_Factions_v0_1.md","??","propose_stage","preserve_current_poc_source_or_supplied_source_corpus","49aa1512ab3eff154d82b6041ece3f5230c5f93588589d363eeeab93082d1a09","49aa1512ab3eff154d82b6041ece3f5230c5f93588589d363eeeab93082d1a09",
".summer/00_Docs/ARCHIVED/00-20-Foundation/14_Fantasy_Voxel_Civilisation_Sandbox_Dimensions_v0_1.md","??","propose_stage","preserve_current_poc_source_or_supplied_source_corpus","9c80b30bd4062dcfe2eec954c43a93bdeb118a426598d057c0ba04cce56ed092","9c80b30bd4062dcfe2eec954c43a93bdeb118a426598d057c0ba04cce56ed092",
".summer/00_Docs/ARCHIVED/00-20-Foundation/15_Fantasy_Voxel_Civilisation_Sandbox_Quest_and_Event_System_v0_1.md","??","propose_stage","preserve_current_poc_source_or_supplied_source_corpus","fed44aa68ec3405101552726e1e477e569732acfbad6cf0c5777f280de5e6d64","fed44aa68ec3405101552726e1e477e569732acfbad6cf0c5777f280de5e6d64",
".summer/00_Docs/ARCHIVED/00-20-Foundation/16_Fantasy_Voxel_Civilisation_Sandbox_Combat_Gear_and_Defence_System_v0_1.md","??","propose_stage","preserve_current_poc_source_or_supplied_source_corpus","a9bc2dc11ed32f7bb5f42f0426d69e28abebc41d958d00b81eb58d42b425d553","a9bc2dc11ed32f7bb5f42f0426d69e28abebc41d958d00b81eb58d42b425d553",
".summer/00_Docs/ARCHIVED/00-20-Foundation/17_Fantasy_Voxel_Civilisation_Sandbox_UI_UX_System_v0_1.md","??","propose_stage","preserve_current_poc_source_or_supplied_source_corpus","b52ccf6d01704bb31f757ce2cafe20a0854e778cf1f08abf663d92c2805ec10e","b52ccf6d01704bb31f757ce2cafe20a0854e778cf1f08abf663d92c2805ec10e",
".summer/00_Docs/ARCHIVED/00-20-Foundation/18_Fantasy_Voxel_Civilisation_Sandbox_Technical_Implementation_Plan_v0_1.md","??","propose_stage","preserve_current_poc_source_or_supplied_source_corpus","71facf0395fc90fe39c8737f6695f1154106a51bed3f54da976d756f149d5111","71facf0395fc90fe39c8737f6695f1154106a51bed3f54da976d756f149d5111",
".summer/00_Docs/ARCHIVED/00-20-Foundation/19_Fantasy_Voxel_Civilisation_Sandbox_Settlement_Growth_and_Player_Voxel_Blueprint_System_v0_1.md","??","propose_stage","preserve_current_poc_source_or_supplied_source_corpus","18d91661962e9c80f291152ed946de81e71ebcd2e2d48774c74952957e97221f","18d91661962e9c80f291152ed946de81e71ebcd2e2d48774c74952957e97221f",
".summer/00_Docs/ARCHIVED/00-20-Foundation/20_Fantasy_Voxel_Civilisation_Sandbox_Buildings_Facilities_Construction_and_Settlement_Project_System_v0_2.md","??","propose_stage","preserve_current_poc_source_or_supplied_source_corpus","d67032f533e84c163be9af6b9a24dc6b6e28c71963dbac58883cbef898219eb1","d67032f533e84c163be9af6b9a24dc6b6e28c71963dbac58883cbef898219eb1",
".summer/00_Docs/ARCHIVED/20_Fantasy_Voxel_Civilisation_Sandbox_Buildings_Facilities_and_Settlement_Project_Registry_v0_1.md","??","propose_stage","preserve_current_poc_source_or_supplied_source_corpus","d993c901033f130c12b2b8460be06510b29d42ebb83879fc46696fea4710f06a","d993c901033f130c12b2b8460be06510b29d42ebb83879fc46696fea4710f06a",
".summer/00_Docs/ART/ART-00_Leyforge_Art_Production_Constitution_and_Authority_Map_v0.1.md","??","propose_stage","preserve_current_poc_source_or_supplied_source_corpus","6e374c62c42d94a98413ccff626de380c210f44ec2d67c4877612a7ad4b4364c","6e374c62c42d94a98413ccff626de380c210f44ec2d67c4877612a7ad4b4364c",
".summer/00_Docs/ART/ART-01_Leyforge_Master_Visual_Language_and_Style_Bible_v0.1.md","??","propose_stage","preserve_current_poc_source_or_supplied_source_corpus","70fdb8694aa1d890473dd9e8d84368237a8fffbd9047b43d7dbe12de88c5eed4","70fdb8694aa1d890473dd9e8d84368237a8fffbd9047b43d7dbe12de88c5eed4",
".summer/00_Docs/ART/ART-02_Leyforge_Materials_Colour_Texture_Surface_and_Shader_Art_Standard_v0.1.md","??","propose_stage","preserve_current_poc_source_or_supplied_source_corpus","7250f0641a7a24e397389093db1a862272cd164ac3f14440b125aada7167b2b3","7250f0641a7a24e397389093db1a862272cd164ac3f14440b125aada7167b2b3",
".summer/00_Docs/ART/ART-03_Leyforge_World_Realm_Biome_Architecture_and_Culture_Art_Direction_v0.1.md","??","propose_stage","preserve_current_poc_source_or_supplied_source_corpus","1a18fd4adb181cf584664b0a3d9df73723b8b9149b100b1d5a65b73094949202","1a18fd4adb181cf584664b0a3d9df73723b8b9149b100b1d5a65b73094949202",
".summer/00_Docs/ART/ART-04_Leyforge_Blocks_Items_Machines_Structures_Equipment_and_Vessel_Modelling_Standard_v0.1.md","??","propose_stage","preserve_current_poc_source_or_supplied_source_corpus","030c0486b862e96bcbfdb84b9816777f5c4932b2f5502576ec94986447933423","030c0486b862e96bcbfdb84b9816777f5c4932b2f5502576ec94986447933423",
".summer/00_Docs/ART/ART-05_Leyforge_Characters_Creatures_Rigging_and_Animation_Style_Handoff_v0.1.md","??","propose_stage","preserve_current_poc_source_or_supplied_source_corpus","f560fdb3390a8ff309d7f9a06759d155e2fc9b1c7b5b2bcc1a0a5fe43d1d57d5","f560fdb3390a8ff309d7f9a06759d155e2fc9b1c7b5b2bcc1a0a5fe43d1d57d5",
".summer/00_Docs/ART/ART-06_Leyforge_VFX_Lighting_Weather_Magic_and_Environmental_Effects_Bible_v0.1.md","??","propose_stage","preserve_current_poc_source_or_supplied_source_corpus","b556c845696a315b134dc1e86cfeef281839d874e253569553213d0583991afa","b556c845696a315b134dc1e86cfeef281839d874e253569553213d0583991afa",
".summer/00_Docs/ART/ART-07_Leyforge_Audio_Music_and_Sonic_Identity_Bible_v0.1.md","??","propose_stage","preserve_current_poc_source_or_supplied_source_corpus","6bcce969f5a6b90ba7e5ff838cc44b5760076b43f1db36f52cc9aae8bef11180","6bcce969f5a6b90ba7e5ff838cc44b5760076b43f1db36f52cc9aae8bef11180",
".summer/00_Docs/ART/ART-08_Leyforge_UI_Icons_Cartography_Codex_and_2D_Presentation_Standard_v0.1.md","??","propose_stage","preserve_current_poc_source_or_supplied_source_corpus","8f94c3509aaa1bc90ea20873cef292a226c7bf435a77d6ab26db64d8f18ddf7b","8f94c3509aaa1bc90ea20873cef292a226c7bf435a77d6ab26db64d8f18ddf7b",
".summer/00_Docs/ART/ART-09_Leyforge_Codex_and_The_Forge_Asset_Production_Execution_Contract_v0.1.md","??","propose_stage","preserve_current_poc_source_or_supplied_source_corpus","6a229ff749bc0013911471df34f5352d63928224ac81f16f15c7d4a11b3fed8d","6a229ff749bc0013911471df34f5352d63928224ac81f16f15c7d4a11b3fed8d",
".summer/00_Docs/ART/ART-10_Leyforge_Golden_References_Visual_Audio_QA_and_Production_Certification_v0.1.md","??","propose_stage","preserve_current_poc_source_or_supplied_source_corpus","06f39cab47a7ced4bb3b32bc8d6671ad37f9104e53a2413fe493b1fcf1f39854","06f39cab47a7ced4bb3b32bc8d6671ad37f9104e53a2413fe493b1fcf1f39854",
".summer/00_Docs/ART/ART_Corpus_Manifest_v0.1.md","??","propose_stage","preserve_current_poc_source_or_supplied_source_corpus","7c6203701cdd3c4df6a862201c756963147f47927468b0fd20be7246508ef146","7c6203701cdd3c4df6a862201c756963147f47927468b0fd20be7246508ef146",
".summer/00_Docs/Additional/MAP-00_Leyforge_In-World_Cartography_Surveying_and_Magical_Relief_Map_System_v0.1.md","??","propose_stage","preserve_current_poc_source_or_supplied_source_corpus","a1b18ae01a8cc63ff06cf0297b0ae25fee165116f3a30d05b051c0c41480edad","a1b18ae01a8cc63ff06cf0297b0ae25fee165116f3a30d05b051c0c41480edad",
".summer/00_Docs/Additional/REBUILD-00_Leyforge_Legacy_POC_Archive_Clean_Rebuild_and_Brain_Governance_Bootstrap_Handoff_v0.1.md","??","propose_stage","preserve_current_poc_source_or_supplied_source_corpus","61d632b3a49a9255d7afc20d015061a125a8e21f23900e06992cc5c3f16f0a2d","55b0aaae1d51f3434f63afb50fbe7da4659af98ffbb686409395550373b62cdf",
".summer/00_Docs/B-ENG-GOV+B-OPS/B-OPS/B-OPS-00_Leyforge_Engineering_Governance_Index_and_Authority_Map_v0.1.md","??","propose_stage","preserve_current_poc_source_or_supplied_source_corpus","e9d3f8efd9e61547693dc7fd83fcb5147440ced49c10d59f503b6b4d5de39cc3","e9d3f8efd9e61547693dc7fd83fcb5147440ced49c10d59f503b6b4d5de39cc3",
".summer/00_Docs/B-ENG-GOV+B-OPS/B-OPS/B-OPS-01_Leyforge_Governance_Rule_Enforcement_Matrix_v0.1.md","??","propose_stage","preserve_current_poc_source_or_supplied_source_corpus","e96028d42703ae0085e17ad755f3906c2cf2d9eba0aea724904f35ded75bc0d9","e96028d42703ae0085e17ad755f3906c2cf2d9eba0aea724904f35ded75bc0d9",
".summer/00_Docs/B-ENG-GOV+B-OPS/B-OPS/B-OPS-02_Leyforge_Coding-Agent_Bootstrap_Contract_v0.1.md","??","propose_stage","preserve_current_poc_source_or_supplied_source_corpus","1b601cc305e255bbc9191ec3356681d2878ea1e76ffe2786b7751b9cab6f1c93","1b601cc305e255bbc9191ec3356681d2878ea1e76ffe2786b7751b9cab6f1c93",
".summer/00_Docs/B-ENG-GOV+B-OPS/B-OPS/B-OPS-03_Leyforge_Engineering_Governance_Templates_Pack_v0.1.md","??","propose_stage","preserve_current_poc_source_or_supplied_source_corpus","e032faadc76c36fd6f926af364522273a48865b1525b47e0f0e1d9cf00292bb9","e032faadc76c36fd6f926af364522273a48865b1525b47e0f0e1d9cf00292bb9",
".summer/00_Docs/B-ENG-GOV+B-OPS/B-OPS/B-OPS-04_Leyforge_Project_Brain_and_Engineering_Governance_Interface_v0.1.md","??","propose_stage","preserve_current_poc_source_or_supplied_source_corpus","7d194c1714ac4aef260febc9d63b2a21b511f04834bcebdd061ade59245c673e","7d194c1714ac4aef260febc9d63b2a21b511f04834bcebdd061ade59245c673e",
".summer/00_Docs/B-ENG-GOV+B-OPS/B-OPS/B-OPS-05_Leyforge_Governance_Debt_and_Validator_Backlog_v0.1.md","??","propose_stage","preserve_current_poc_source_or_supplied_source_corpus","bcfd38404a37643454c822132d4e6c309a4da4d2ecfa95699e94899892a23e3b","bcfd38404a37643454c822132d4e6c309a4da4d2ecfa95699e94899892a23e3b",
".summer/00_Docs/B-ENG-GOV+B-OPS/B-OPS/B-OPS-06_Leyforge_Engineering_Governance_Reconciliation_and_Certification_Report_v0.1.md","??","propose_stage","preserve_current_poc_source_or_supplied_source_corpus","62548f8caa91900ae36993ba3f03f8e03e8610f6f07f8b802b4f9976f48ac03f","62548f8caa91900ae36993ba3f03f8e03e8610f6f07f8b802b4f9976f48ac03f",
".summer/00_Docs/B-ENG-GOV+B-OPS/B-OPS/Leyforge_Branch_B_Engineering_Governance_Baseline_v1.0_MANIFEST.md","??","propose_stage","preserve_current_poc_source_or_supplied_source_corpus","c014f57bf512d82d528376b60dd9fd6e689f0faad10576fff867d663057a4f32","c014f57bf512d82d528376b60dd9fd6e689f0faad10576fff867d663057a4f32",
".summer/00_Docs/B-ENG-GOV+B-OPS/B-OPS/Leyforge_Branch_B_Engineering_Governance_Complete_Corpus_v1.0.md","??","propose_stage","preserve_current_poc_source_or_supplied_source_corpus","709865471ada6bf0b555ba97de92441b3320a00ff1a6d8b3e001fb030b6eb000","709865471ada6bf0b555ba97de92441b3320a00ff1a6d8b3e001fb030b6eb000",
".summer/00_Docs/B-ENG-GOV+B-OPS/ENG-GOV-00_Leyforge_Engineering_Constitution_v0.1.md","??","propose_stage","preserve_current_poc_source_or_supplied_source_corpus","ec22109e5482c30927da309211c04067a1350faadfca377add9caacc5184b02b","ec22109e5482c30927da309211c04067a1350faadfca377add9caacc5184b02b",
".summer/00_Docs/B-ENG-GOV+B-OPS/ENG-GOV-01_Leyforge_Codebase_Engineering_Standard_v0.1.md","??","propose_stage","preserve_current_poc_source_or_supplied_source_corpus","e879e4c3d85d77594951565c9281202917ec240e588e082383782e0b7eedda0a","e879e4c3d85d77594951565c9281202917ec240e588e082383782e0b7eedda0a",
".summer/00_Docs/B-ENG-GOV+B-OPS/ENG-GOV-02_Leyforge_Repository_and_Module_Structure_Standard_v0.1.md","??","propose_stage","preserve_current_poc_source_or_supplied_source_corpus","bfdedf5e65eff71218ddd2e1cd8eeca8955784d07a4a2a13380a107a61a19752","bfdedf5e65eff71218ddd2e1cd8eeca8955784d07a4a2a13380a107a61a19752",
".summer/00_Docs/B-ENG-GOV+B-OPS/ENG-GOV-03_Leyforge_Source_Style_and_Naming_Standard_v0.1.md","??","propose_stage","preserve_current_poc_source_or_supplied_source_corpus","395715051b80f52076484c25978e9f5939bc21ed29f4e71b26c2ce4117d2505f","395715051b80f52076484c25978e9f5939bc21ed29f4e71b26c2ce4117d2505f",
".summer/00_Docs/B-ENG-GOV+B-OPS/ENG-GOV-04_Leyforge_Git_Branch_and_Change_Standard_v0.1.md","??","propose_stage","preserve_current_poc_source_or_supplied_source_corpus","82a99da62174b347af20c17cee10697f8b8a65cfad1f504c4aa4c724e327e129","82a99da62174b347af20c17cee10697f8b8a65cfad1f504c4aa4c724e327e129",
".summer/00_Docs/B-ENG-GOV+B-OPS/ENG-GOV-05_Leyforge_Testing_and_Verification_Standard_v0.1.md","??","propose_stage","preserve_current_poc_source_or_supplied_source_corpus","fafb8d326415991fce05fcb1fd8d196f111122b2669bc4a443e4b3ed8ffa2459","fafb8d326415991fce05fcb1fd8d196f111122b2669bc4a443e4b3ed8ffa2459",
".summer/00_Docs/B-ENG-GOV+B-OPS/ENG-GOV-06_Leyforge_CI_and_Quality_Gate_Standard_v0.1.md","??","propose_stage","preserve_current_poc_source_or_supplied_source_corpus","ba409f3753bbab4a26c82e11cd80df49bf4fc7d832d744f7832af2c97f34ccb7","ba409f3753bbab4a26c82e11cd80df49bf4fc7d832d744f7832af2c97f34ccb7",
".summer/00_Docs/B-ENG-GOV+B-OPS/ENG-GOV-07_Leyforge_Diagnostics_Logging_and_Observability_Standard_v0.1.md","??","propose_stage","preserve_current_poc_source_or_supplied_source_corpus","cb8734a48b3a31dcd6fefac48a1579cedf33a1beb116550dba0ec6ad719e92be","cb8734a48b3a31dcd6fefac48a1579cedf33a1beb116550dba0ec6ad719e92be",
".summer/00_Docs/B-ENG-GOV+B-OPS/ENG-GOV-08_Leyforge_Save_Schema_and_Migration_Standard_v0.1.md","??","propose_stage","preserve_current_poc_source_or_supplied_source_corpus","972be3670d32580819ec31c525b31a1dad645931af4ad25185266cf09939dc78","972be3670d32580819ec31c525b31a1dad645931af4ad25185266cf09939dc78",
".summer/00_Docs/B-ENG-GOV+B-OPS/ENG-GOV-09_Leyforge_Registry_and_Stable_Identity_Standard_v0.1.md","??","propose_stage","preserve_current_poc_source_or_supplied_source_corpus","a84ceff175317bd84f6336f1ab957e62e1b31eec60a5aec1eaf19bd0aa14a7e9","a84ceff175317bd84f6336f1ab957e62e1b31eec60a5aec1eaf19bd0aa14a7e9",
".summer/00_Docs/B-ENG-GOV+B-OPS/ENG-GOV-10_Leyforge_Performance_and_Benchmark_Standard_v0.1.md","??","propose_stage","preserve_current_poc_source_or_supplied_source_corpus","98f32ca8a99e410f704193c6eb58a9924dd72bb18b80a6fa926feec5df8a8a23","98f32ca8a99e410f704193c6eb58a9924dd72bb18b80a6fa926feec5df8a8a23",
".summer/00_Docs/B-ENG-GOV+B-OPS/ENG-GOV-11_Leyforge_Architecture_Decision_Record_Standard_v0.1.md","??","propose_stage","preserve_current_poc_source_or_supplied_source_corpus","dde6c3743f74b2bd1ff01cc57c7d6d8adb9bfe6b38b8d8e90e81bd19d9f6a34b","dde6c3743f74b2bd1ff01cc57c7d6d8adb9bfe6b38b8d8e90e81bd19d9f6a34b",
".summer/00_Docs/B-ENG-GOV+B-OPS/ENG-GOV-12_Leyforge_AI_and_Coding_Agent_Standard_v0.1.md","??","propose_stage","preserve_current_poc_source_or_supplied_source_corpus","ddf61b425b68abfb4c516f624bb6aa79b5509e5cac2de357c3966e71791c6d39","ddf61b425b68abfb4c516f624bb6aa79b5509e5cac2de357c3966e71791c6d39",
".summer/00_Docs/B-ENG-GOV+B-OPS/ENG-GOV-13_Leyforge_Security_and_Player_Content_Boundary_Standard_v0.1.md","??","propose_stage","preserve_current_poc_source_or_supplied_source_corpus","c034059da26d5611774cee8191abd584a916f499ef47f721c9b7b3bfbebdfbc0","c034059da26d5611774cee8191abd584a916f499ef47f721c9b7b3bfbebdfbc0",
".summer/00_Docs/B-ENG-GOV+B-OPS/ENG-GOV-14_Leyforge_Exceptions_Waivers_and_Deprecation_Standard_v0.1.md","??","propose_stage","preserve_current_poc_source_or_supplied_source_corpus","f22dfbc79602724e2f3f97257ac80ae45b4425db24855c49593421c563337e23","f22dfbc79602724e2f3f97257ac80ae45b4425db24855c49593421c563337e23",
".summer/00_Docs/B-ENG-GOV+B-OPS/ENG-GOV-15_Leyforge_Third-Party_and_Upstream_Integration_Standard_v0.1.md","??","propose_stage","preserve_current_poc_source_or_supplied_source_corpus","3a3c6caba0b1e961dd3555532bce4768320312f536ff7238cd1bf53d2694e7cc","3a3c6caba0b1e961dd3555532bce4768320312f536ff7238cd1bf53d2694e7cc",
".summer/00_Docs/B-ENG-GOV+B-OPS/Leyforge_ENG-GOV_00-15_Complete_Governance_Corpus_v0.1.md","??","propose_stage","preserve_current_poc_source_or_supplied_source_corpus","9af3365dcbf455c3544ba87e7c203ee487582824e6183feb9c195fc99dc22ded","9af3365dcbf455c3544ba87e7c203ee487582824e6183feb9c195fc99dc22ded",
".summer/00_Docs/C-AUDIT/C-AUD-00_Leyforge_V1_Audit_Constitution_Scope_and_Certification_Model_v0.1.md","??","propose_stage","preserve_current_poc_source_or_supplied_source_corpus","001291d71bf1dae9106c31ab5c65d839a8a12de7f9d37e08fb718692710115de","001291d71bf1dae9106c31ab5c65d839a8a12de7f9d37e08fb718692710115de",
".summer/00_Docs/C-AUDIT/C-AUD-01_Leyforge_Master_Corpus_Inventory_and_Disposition_Standard_v0.1.md","??","propose_stage","preserve_current_poc_source_or_supplied_source_corpus","338ce4084d865066e0040695de924db2ba860a4cbdd6c0af234cfb0ca8a541bc","338ce4084d865066e0040695de924db2ba860a4cbdd6c0af234cfb0ca8a541bc",
".summer/00_Docs/C-AUDIT/C-AUD-02_Leyforge_Authority_Ownership_and_Precedence_Reconciliation_Standard_v0.1.md","??","propose_stage","preserve_current_poc_source_or_supplied_source_corpus","1df0c41969d2b51288c143af8a086bd7a789515107c24d6f6bdf9c7edc580a55","1df0c41969d2b51288c143af8a086bd7a789515107c24d6f6bdf9c7edc580a55",
".summer/00_Docs/C-AUDIT/C-AUD-03_Leyforge_Canon_Terminology_and_Semantic_Consistency_Audit_Standard_v0.1.md","??","propose_stage","preserve_current_poc_source_or_supplied_source_corpus","1c4106b079f38a30c4a7ef1bd8a799f8db2dfc6dd486a3a5f3fa5e13db0d2aa5","1c4106b079f38a30c4a7ef1bd8a799f8db2dfc6dd486a3a5f3fa5e13db0d2aa5",
".summer/00_Docs/C-AUDIT/C-AUD-04_Leyforge_Stable_Identity_Registry_and_Migration_Audit_Standard_v0.1.md","??","propose_stage","preserve_current_poc_source_or_supplied_source_corpus","a330ebe3413544149ed407f04c74660e8c05024002e643e71fdc0437b713ee36","a330ebe3413544149ed407f04c74660e8c05024002e643e71fdc0437b713ee36",
".summer/00_Docs/C-AUDIT/C-AUD-05_Leyforge_Cross-Family_Interface_and_Traceability_Audit_Standard_v0.1.md","??","propose_stage","preserve_current_poc_source_or_supplied_source_corpus","df2a0c92b64fc036d6b9c0a01747e6043be24865095404ed1e44669401c1bd78","df2a0c92b64fc036d6b9c0a01747e6043be24865095404ed1e44669401c1bd78",
".summer/00_Docs/C-AUDIT/C-AUD-06_Leyforge_Completeness_and_Implementation-Contract_Audit_Standard_v0.1.md","??","propose_stage","preserve_current_poc_source_or_supplied_source_corpus","5a534ad52c7e84aa61d5bf692a6d7c8ef7fc642c1ae82bff2abcfd7ac010a4c0","5a534ad52c7e84aa61d5bf692a6d7c8ef7fc642c1ae82bff2abcfd7ac010a4c0",
".summer/00_Docs/C-AUDIT/C-AUD-07_Leyforge_Evidence_Verification_and_Acceptance_Audit_Standard_v0.1.md","??","propose_stage","preserve_current_poc_source_or_supplied_source_corpus","83a79c37c20fcdcf1a8679288b0ccc249598dbe531a6cc3633298a23f1590c2d","83a79c37c20fcdcf1a8679288b0ccc249598dbe531a6cc3633298a23f1590c2d",
".summer/00_Docs/C-AUDIT/C-AUD-08_Leyforge_Legacy_Supersession_and_Archive_Disposition_Audit_Standard_v0.1.md","??","propose_stage","preserve_current_poc_source_or_supplied_source_corpus","1abc6459759e5b68e59665c1f9c7b08637eacb69d2c47a496421c87cc444b52b","1abc6459759e5b68e59665c1f9c7b08637eacb69d2c47a496421c87cc444b52b",
".summer/00_Docs/C-AUDIT/C-AUD-09_Leyforge_V1_Rewrite_Normalisation_and_Promotion_Standard_v0.1.md","??","propose_stage","preserve_current_poc_source_or_supplied_source_corpus","72da131a8051c55da69666d00acb943e5fa1337746008384d239ece8cd0a6df8","72da131a8051c55da69666d00acb943e5fa1337746008384d239ece8cd0a6df8",
".summer/00_Docs/C-AUDIT/C-AUD-10_Leyforge_Master_V1_Certification_Register_v0.1.md","??","propose_stage","preserve_current_poc_source_or_supplied_source_corpus","c3b2dd2ec1fedcd814e7c2dfbc4ffe7c6b4d284fb0415929fdc33bd0fd42468c","c3b2dd2ec1fedcd814e7c2dfbc4ffe7c6b4d284fb0415929fdc33bd0fd42468c",
".summer/00_Docs/C-AUDIT/C-AUD-11_Leyforge_Final_Cross-Corpus_Certification_and_V1_Lock_Standard_v0.1.md","??","propose_stage","preserve_current_poc_source_or_supplied_source_corpus","2fb5cba13e06b252230033ab2c969b8bceab43aa5d3a9f395ebbb821f70acf1e","2fb5cba13e06b252230033ab2c969b8bceab43aa5d3a9f395ebbb821f70acf1e",
".summer/00_Docs/C-AUDIT/README_Branch_C_Framework_v0.1.md","??","propose_stage","preserve_current_poc_source_or_supplied_source_corpus","8826dc98d099be83a0364bf030fc40d4d481dfce0b7bec404285412aa95bc22e","8826dc98d099be83a0364bf030fc40d4d481dfce0b7bec404285412aa95bc22e",
".summer/00_Docs/D-ROAD/D-ROAD-00_Leyforge_Roadmap_Authority_and_Operating_Rules_v0_1_REFRESHED.md","??","propose_stage","preserve_current_poc_source_or_supplied_source_corpus","92525af453b7681c1502f11eb9ab103f7929e6e8d2bb994633087a6dd90a6db5","92525af453b7681c1502f11eb9ab103f7929e6e8d2bb994633087a6dd90a6db5",
".summer/00_Docs/D-ROAD/D-ROAD-01_Leyforge_Master_Production_Path_v0_1_REFRESHED.md","??","propose_stage","preserve_current_poc_source_or_supplied_source_corpus","1d761e709ef89f9870a0b1b845e99a0e5f1a1eeb014a74c0dbea8977e0f01866","1d761e709ef89f9870a0b1b845e99a0e5f1a1eeb014a74c0dbea8977e0f01866",
".summer/00_Docs/D-ROAD/D-ROAD-02_Leyforge_Current_State_and_Milestone_Register_v0_1_REFRESHED.md","??","propose_stage","preserve_current_poc_source_or_supplied_source_corpus","0509a90de106102b663a17d6781e29c7b3b3faa66123da0905d8e14abe9238b5","0509a90de106102b663a17d6781e29c7b3b3faa66123da0905d8e14abe9238b5",
".summer/00_Docs/D-ROAD/D-ROAD-03_Leyforge_Dependency_and_Critical_Path_Map_v0_1_REFRESHED.md","??","propose_stage","preserve_current_poc_source_or_supplied_source_corpus","0387f959fad6c0aa065294444a50bfc27f40fd2add0e79f56ed65968b75d3c4b","0387f959fad6c0aa065294444a50bfc27f40fd2add0e79f56ed65968b75d3c4b",
".summer/00_Docs/D-ROAD/D-ROAD-04_Leyforge_Production_Gates_and_Exit_Criteria_v0_1_REFRESHED.md","??","propose_stage","preserve_current_poc_source_or_supplied_source_corpus","ad315184573b4533a6d7d7f29e33d1570cbdbaf2d9265d07a31e1208722b57f9","ad315184573b4533a6d7d7f29e33d1570cbdbaf2d9265d07a31e1208722b57f9",
".summer/00_Docs/D-ROAD/D-ROAD-05_Leyforge_Rebuild_Readiness_Checklist_v0_1_REFRESHED.md","??","propose_stage","preserve_current_poc_source_or_supplied_source_corpus","f6a1244880eee7542d343b8e955df4451a4511fa43377a3307de031ec0f1fcfa","f6a1244880eee7542d343b8e955df4451a4511fa43377a3307de031ec0f1fcfa",
".summer/00_Docs/FCC-01-14/FCC01/01_FINAL_LOCKED_CANON_A-J/FCC-01A_Overworld_Identity_Cosmology_World_Topology_Progression_and_Canon_Boundaries_v0_1.md","??","propose_stage","preserve_current_poc_source_or_supplied_source_corpus","272cdee928f9048d9563fcd6652997e15f2222abe463c255a9abd6575ecd65f4","272cdee928f9048d9563fcd6652997e15f2222abe463c255a9abd6575ecd65f4",
".summer/00_Docs/FCC-01-14/FCC01/01_FINAL_LOCKED_CANON_A-J/FCC-01B_Continents_Climate_Biomes_Oceans_Skylands_Underground_Hazards_and_Regional_States_v0_2_Final_Pass.md","??","propose_stage","preserve_current_poc_source_or_supplied_source_corpus","6188ad7b3e41f56854ce7e4d3798099ed7bd366ef7bc48c56b186fd834673e11","6188ad7b3e41f56854ce7e4d3798099ed7bd366ef7bc48c56b186fd834673e11",
".summer/00_Docs/FCC-01-14/FCC01/01_FINAL_LOCKED_CANON_A-J/FCC-01C_Overworld_Geology_Materials_Resources_Processing_Foundations_and_Provenance_v0_2_Final_Pass.md","??","propose_stage","preserve_current_poc_source_or_supplied_source_corpus","940c0fafb65c26ad004eea7e76568befc52305ab391424c1fea3f5ba883388f3","940c0fafb65c26ad004eea7e76568befc52305ab391424c1fea3f5ba883388f3",
".summer/00_Docs/FCC-01-14/FCC01/01_FINAL_LOCKED_CANON_A-J/FCC-01D_Overworld_Flora_Fungi_Agriculture_Crops_Foods_and_Botanical_Ecology_v0_2_Final_Pass.md","??","propose_stage","preserve_current_poc_source_or_supplied_source_corpus","ef8aac34adee6947d9cfa6582c9dad203a8ce5d627900a4ce6f5cde76349d950","ef8aac34adee6947d9cfa6582c9dad203a8ce5d627900a4ce6f5cde76349d950",
".summer/00_Docs/FCC-01-14/FCC01/01_FINAL_LOCKED_CANON_A-J/FCC-01E_Part_1_Overworld_Ordinary_Fauna_Food_Webs_Husbandry_and_Environmental_Ecology_v0_2_Final_Pass.md","??","propose_stage","preserve_current_poc_source_or_supplied_source_corpus","806fa67a3a42fe76c66e603e470ccd5d9c1b2b19252a904e5d3241811af4b716","806fa67a3a42fe76c66e603e470ccd5d9c1b2b19252a904e5d3241811af4b716",
".summer/00_Docs/FCC-01-14/FCC01/01_FINAL_LOCKED_CANON_A-J/FCC-01E_Part_2_Overworld_Monsters_Magical_Fauna_Undead_Constructs_Creature_Materials_and_Classification_Boundaries_v0_1.md","??","propose_stage","preserve_current_poc_source_or_supplied_source_corpus","87d193afe65df8632db8a0b55d77b2128ca823f70d981dea13445622e7ccc5c6","87d193afe65df8632db8a0b55d77b2128ca823f70d981dea13445622e7ccc5c6",
".summer/00_Docs/FCC-01-14/FCC01/01_FINAL_LOCKED_CANON_A-J/FCC-01F_Part_1_Overworld_Peoples_Cultures_Religions_Governments_Factions_Law_and_Civilisation_Identity_v0_1.md","??","propose_stage","preserve_current_poc_source_or_supplied_source_corpus","beeacb91b2e642a22f4d7497001288edae650d79fe77b23302b957ca25d59737","beeacb91b2e642a22f4d7497001288edae650d79fe77b23302b957ca25d59737",
".summer/00_Docs/FCC-01-14/FCC01/01_FINAL_LOCKED_CANON_A-J/FCC-01F_Part_2_Overworld_Settlements_Population_Geography_Economy_Trade_Industry_and_Civilisation_Infrastructure_v0_1.md","??","propose_stage","preserve_current_poc_source_or_supplied_source_corpus","cda24da3b652bf345f281056483d3cefc15619329850cd21579e9cdbf5600ea0","cda24da3b652bf345f281056483d3cefc15619329850cd21579e9cdbf5600ea0",
".summer/00_Docs/FCC-01-14/FCC01/01_FINAL_LOCKED_CANON_A-J/FCC-01G_Part_1_Overworld_Structures_Landmarks_Routes_Infrastructure_Megaprojects_and_Wonders_v0_1.md","??","propose_stage","preserve_current_poc_source_or_supplied_source_corpus","8b01abe35233b0a69c581a2d5d018e746fdc49d95dce5abcd15ccfdf50036038","8b01abe35233b0a69c581a2d5d018e746fdc49d95dce5abcd15ccfdf50036038",
".summer/00_Docs/FCC-01-14/FCC01/01_FINAL_LOCKED_CANON_A-J/FCC-01G_Part_2_Overworld_Portal_Archaeology_Realm_Discovery_Research_Institutions_and_Pre_Access_Provenance_v0_1.md","??","propose_stage","preserve_current_poc_source_or_supplied_source_corpus","0b1f997533b47b0076e051059ad359553bee66ae66bb641a181693eed3444f38","0b1f997533b47b0076e051059ad359553bee66ae66bb641a181693eed3444f38",
".summer/00_Docs/FCC-01-14/FCC01/01_FINAL_LOCKED_CANON_A-J/FCC-01H_Part_1_Overworld_Dungeons_Ruins_Lairs_Sites_and_Megadungeons_v0_1.md","??","propose_stage","preserve_current_poc_source_or_supplied_source_corpus","5a70eed62dab67fd3228e5ba96710accadb8d3234c4d5cb2114bb3e8eb631aaf","5a70eed62dab67fd3228e5ba96710accadb8d3234c4d5cb2114bb3e8eb631aaf",
".summer/00_Docs/FCC-01-14/FCC01/01_FINAL_LOCKED_CANON_A-J/FCC-01H_Part_2_Overworld_Bosses_Titans_Authorities_Siege_Threats_and_Major_Encounters_v0_1.md","??","propose_stage","preserve_current_poc_source_or_supplied_source_corpus","deae16e0cb737f2bff2423a6751925dce48e27af6b82b7fede29563a94e8a300","deae16e0cb737f2bff2423a6751925dce48e27af6b82b7fede29563a94e8a300",
".summer/00_Docs/FCC-01-14/FCC01/01_FINAL_LOCKED_CANON_A-J/FCC-01I_Part_1_Overworld_Magic_Ecology_History_Archaeology_Events_Dynamic_States_and_Persistent_Aftermath_v0_1.md","??","propose_stage","preserve_current_poc_source_or_supplied_source_corpus","e758ca8d775acb3f2e8e6df5b3b8aebbe7884882ed502bfbc4465dcc133cf24c","e758ca8d775acb3f2e8e6df5b3b8aebbe7884882ed502bfbc4465dcc133cf24c",
".summer/00_Docs/FCC-01-14/FCC01/01_FINAL_LOCKED_CANON_A-J/FCC-01I_Part_2_Overworld_Cross_Realm_Interfaces_Migration_Trade_Capability_Freedom_and_Void_Boundaries_v0_1.md","??","propose_stage","preserve_current_poc_source_or_supplied_source_corpus","f0471d9d6319e1e0cdf5c59bbf5240f58ea532061ccb0350d94a36acb38595bf","f0471d9d6319e1e0cdf5c59bbf5240f58ea532061ccb0350d94a36acb38595bf",
".summer/00_Docs/FCC-01-14/FCC01/01_FINAL_LOCKED_CANON_A-J/FCC-01J_Overworld_Final_Canon_Registry_Completeness_Audit_Global_Reconciliation_Handoff_and_Art_Readiness_v0_3_LOCKED.md","??","propose_stage","preserve_current_poc_source_or_supplied_source_corpus","c251f857344b8f7237262c7bb08f8d3cbb87ce5bc00ff864738f189f885ffe2f","c251f857344b8f7237262c7bb08f8d3cbb87ce5bc00ff864738f189f885ffe2f",
".summer/00_Docs/FCC-01-14/FCC01/02_PREWRITE_RECONCILIATION_STEPS/FCC-01_Step_2A_Realm-by-Realm_Overworld_Reconciliation_Extraction_v0_1.md","??","propose_stage","preserve_current_poc_source_or_supplied_source_corpus","1095cb454daeae7301d57cbe9a5d1e1b26a8727c6a94e7acabfd804ab6dbe7f4","1095cb454daeae7301d57cbe9a5d1e1b26a8727c6a94e7acabfd804ab6dbe7f4",
".summer/00_Docs/FCC-01-14/FCC01/02_PREWRITE_RECONCILIATION_STEPS/FCC-01_Step_2B_Cross-Realm_Collision_and_Source-Reconciliation_Pass_v0_1.md","??","propose_stage","preserve_current_poc_source_or_supplied_source_corpus","396c4a0ad9431428fcc59027b9bb115d022ad74fef6ed171bd527685694c8fae","396c4a0ad9431428fcc59027b9bb115d022ad74fef6ed171bd527685694c8fae",
".summer/00_Docs/FCC-01-14/FCC01/02_PREWRITE_RECONCILIATION_STEPS/FCC-01_Step_2C_Ownership_Classification_and_Decision-Routing_Register_v0_1.md","??","propose_stage","preserve_current_poc_source_or_supplied_source_corpus","0a2687c2ad8d42de6e166571626bd6649f965ce66c26bf79b4c93793a02c6bb1","0a2687c2ad8d42de6e166571626bd6649f965ce66c26bf79b4c93793a02c6bb1",
".summer/00_Docs/FCC-01-14/FCC01/02_PREWRITE_RECONCILIATION_STEPS/FCC-01_Step_2D_Interview_Architecture_and_Completeness_Map_v0_1.md","??","propose_stage","preserve_current_poc_source_or_supplied_source_corpus","eb06413ec4a83775ebcd14cfe5db337d17239ea9cccef6d78658c3ed21862943","eb06413ec4a83775ebcd14cfe5db337d17239ea9cccef6d78658c3ed21862943",
".summer/00_Docs/FCC-01-14/FCC01/03_FIDELITY_AUDIT_AND_LOCK/FCC-01_Final_Document_to_Interview_Fidelity_Audit_v0_2_ZERO_HOLD.md","??","propose_stage","preserve_current_poc_source_or_supplied_source_corpus","591065c49b97863fa7e594de3d78d9596561dc7d4f75acf030d52679badb49e2","591065c49b97863fa7e594de3d78d9596561dc7d4f75acf030d52679badb49e2",
".summer/00_Docs/FCC-01-14/FCC01/03_FIDELITY_AUDIT_AND_LOCK/FCC-01_Final_Exact_Transcription_Recovery_and_Lost_Source_Amendment_Packet_v0_1.md","??","propose_stage","preserve_current_poc_source_or_supplied_source_corpus","e1690456abae92a433180e05aed81bcf06460c29d4f859e536bb25cb8df0835b","e1690456abae92a433180e05aed81bcf06460c29d4f859e536bb25cb8df0835b",
".summer/00_Docs/FCC-01-14/FCC01/03_FIDELITY_AUDIT_AND_LOCK/FCC-01_Overworld_Content_Canon_Lock_Certificate_v1_0.md","??","propose_stage","preserve_current_poc_source_or_supplied_source_corpus","3c06ade3baf46536511733e2695ec2842a1e23a43fab16d2874da665772686fc","3c06ade3baf46536511733e2695ec2842a1e23a43fab16d2874da665772686fc",
".summer/00_Docs/FCC-01-14/FCC01/04_SUPERSEDED_DRAFTS_AND_AUDIT_HISTORY/FCC-01B_Continents_Climate_Biomes_Oceans_Skylands_Underground_Hazards_and_Regional_States_v0_1.md","??","propose_stage","preserve_current_poc_source_or_supplied_source_corpus","ca0f6217a911198aafe78710ab04ddb9244a507a1a816ac5a10384f884620e17","ca0f6217a911198aafe78710ab04ddb9244a507a1a816ac5a10384f884620e17",
".summer/00_Docs/FCC-01-14/FCC01/04_SUPERSEDED_DRAFTS_AND_AUDIT_HISTORY/FCC-01C_Overworld_Geology_Materials_Resources_Processing_Foundations_and_Provenance_v0_1.md","??","propose_stage","preserve_current_poc_source_or_supplied_source_corpus","72c5538bbf602f0115b264bcedb52f8c70a29ce62c43bb1e57e2ec70aa059cf8","72c5538bbf602f0115b264bcedb52f8c70a29ce62c43bb1e57e2ec70aa059cf8",
".summer/00_Docs/FCC-01-14/FCC01/04_SUPERSEDED_DRAFTS_AND_AUDIT_HISTORY/FCC-01D_Overworld_Flora_Fungi_Agriculture_Crops_Foods_and_Botanical_Ecology_v0_1.md","??","propose_stage","preserve_current_poc_source_or_supplied_source_corpus","98e3c9e9db7df9b7cb593906a432f706a06299152013c759c0c0796538f1eafd","98e3c9e9db7df9b7cb593906a432f706a06299152013c759c0c0796538f1eafd",
".summer/00_Docs/FCC-01-14/FCC01/04_SUPERSEDED_DRAFTS_AND_AUDIT_HISTORY/FCC-01E_Part_1_Overworld_Ordinary_Fauna_Food_Webs_Husbandry_and_Environmental_Ecology_v0_1.md","??","propose_stage","preserve_current_poc_source_or_supplied_source_corpus","d08035f1d34d874af864645aae4ba9a8c5801a8e9b625ddbc3619e8f4b90df3f","d08035f1d34d874af864645aae4ba9a8c5801a8e9b625ddbc3619e8f4b90df3f",
".summer/00_Docs/FCC-01-14/FCC01/04_SUPERSEDED_DRAFTS_AND_AUDIT_HISTORY/FCC-01J_Overworld_Final_Canon_Registry_Completeness_Audit_Global_Reconciliation_Handoff_and_Art_Readiness_v0_1.md","??","propose_stage","preserve_current_poc_source_or_supplied_source_corpus","d3e01cdb57f9076e17dbaef7754222d49167a4b8e2aed8aa3c6716331ce6e496","d3e01cdb57f9076e17dbaef7754222d49167a4b8e2aed8aa3c6716331ce6e496",
".summer/00_Docs/FCC-01-14/FCC01/04_SUPERSEDED_DRAFTS_AND_AUDIT_HISTORY/FCC-01J_Overworld_Final_Canon_Registry_Completeness_Audit_Global_Reconciliation_Handoff_and_Art_Readiness_v0_2_Post_Fidelity_Audit.md","??","propose_stage","preserve_current_poc_source_or_supplied_source_corpus","d1a6e2a460a1f876c9fba0757d35ac52050a6aa7c2acc7feae324efc7eced980","d1a6e2a460a1f876c9fba0757d35ac52050a6aa7c2acc7feae324efc7eced980",
".summer/00_Docs/FCC-01-14/FCC01/04_SUPERSEDED_DRAFTS_AND_AUDIT_HISTORY/FCC-01_Final_Document_to_Interview_Fidelity_Audit_v0_1.md","??","propose_stage","preserve_current_poc_source_or_supplied_source_corpus","7a0922c32356a3c2a516b88bbf71515b48a49571260f2bbdad03860546e9bbe7","7a0922c32356a3c2a516b88bbf71515b48a49571260f2bbdad03860546e9bbe7",
".summer/00_Docs/FCC-01-14/FCC01/MANIFEST.md","??","propose_stage","preserve_current_poc_source_or_supplied_source_corpus","d3052fea80d639dbefc35ff90cbf324a64e5bbeaab3e36b103ef015e85504f87","d3052fea80d639dbefc35ff90cbf324a64e5bbeaab3e36b103ef015e85504f87",
".summer/00_Docs/FCC-01-14/FCC01/README_FIRST.md","??","propose_stage","preserve_current_poc_source_or_supplied_source_corpus","2d3385d5a7bd4c7cf103a76c52be64f45cc8c009ede5418203a08250c6013f3f","2d3385d5a7bd4c7cf103a76c52be64f45cc8c009ede5418203a08250c6013f3f",
".summer/00_Docs/FCC-01-14/FCC02/FCC-02A_Verdant_Covenant_Realm_Identity_Laws_Progression_and_Canon_Boundaries_v0_1.md","??","propose_stage","preserve_current_poc_source_or_supplied_source_corpus","47ed2eb52e787043c742e170045a68e767db3188ddb796c5773e3e7b31701e3d","47ed2eb52e787043c742e170045a68e767db3188ddb796c5773e3e7b31701e3d",
".summer/00_Docs/FCC-01-14/FCC02/FCC-02B_Verdant_Covenant_Biomes_Terrain_Climate_Seasonal_States_and_Environmental_Hazards_v0_1.md","??","propose_stage","preserve_current_poc_source_or_supplied_source_corpus","7979eceb8788062451574026d64f044691bc93e1addf298dbaae3fca2dee8ee0","7979eceb8788062451574026d64f044691bc93e1addf298dbaae3fca2dee8ee0",
".summer/00_Docs/FCC-01-14/FCC02/FCC-02C_Verdant_Covenant_Geology_Materials_Resources_Processing_Foundations_and_Material_Provenance_v0_1.md","??","propose_stage","preserve_current_poc_source_or_supplied_source_corpus","8e090724697489981275ebc959ff059761cbfd58826f92feec969c65315df587","8e090724697489981275ebc959ff059761cbfd58826f92feec969c65315df587",
".summer/00_Docs/FCC-01-14/FCC02/FCC-02D_Verdant_Covenant_Flora_Great_Trees_Wood_Families_Crops_Fungi_Food_and_Botanical_Ecology_v0_1.md","??","propose_stage","preserve_current_poc_source_or_supplied_source_corpus","5f0bb45f5c7b26be62f3be60e486c34d9e0cac853df7ab8ce35d3973d765b6e3","5f0bb45f5c7b26be62f3be60e486c34d9e0cac853df7ab8ce35d3973d765b6e3",
".summer/00_Docs/FCC-01-14/FCC02/FCC-02E_Verdant_Covenant_Creatures_Ecology_and_Creature_Materials_v0_1.md","??","propose_stage","preserve_current_poc_source_or_supplied_source_corpus","2460997ff3395c3e6e70ff5f1b955493f36587fc2b13fb8bf3719263c08ee0a7","2460997ff3395c3e6e70ff5f1b955493f36587fc2b13fb8bf3719263c08ee0a7",
".summer/00_Docs/FCC-01-14/FCC02/FCC-02F_Verdant_Covenant_Civilisations_Seasonal_Courts_Settlements_Structures_and_Infrastructure_v0_1.md","??","propose_stage","preserve_current_poc_source_or_supplied_source_corpus","c2e9a333b7abb8d3384d9df527bf1e63f8c945598c0083418d38a46d68b1f6e3","c2e9a333b7abb8d3384d9df527bf1e63f8c945598c0083418d38a46d68b1f6e3",
".summer/00_Docs/FCC-01-14/FCC02/FCC-02G_Verdant_Covenant_Blocks_Items_Processing_Recipes_and_Portal_Construction_v0_1.md","??","propose_stage","preserve_current_poc_source_or_supplied_source_corpus","4228323e7923c268c39565fa0f85d594302bf01494980557162f9167347c49fb","4228323e7923c268c39565fa0f85d594302bf01494980557162f9167347c49fb",
".summer/00_Docs/FCC-01-14/FCC02/FCC-02H_Verdant_Covenant_Dungeons_Guardians_Authorities_Adventure_Sites_and_Resolution_Content_v0_1.md","??","propose_stage","preserve_current_poc_source_or_supplied_source_corpus","e479967e88e8671621140ea919960a2cbd1e37083d62aaf5c069d88641bf748e","e479967e88e8671621140ea919960a2cbd1e37083d62aaf5c069d88641bf748e",
".summer/00_Docs/FCC-01-14/FCC02/FCC-02I_Verdant_Covenant_Corruption_Blight_Restoration_Realm_States_and_Cross-Realm_Interfaces_v0_1.md","??","propose_stage","preserve_current_poc_source_or_supplied_source_corpus","6636da50543bf4ef731ae1cc12c10c944b4c197bead127c94b0658fe5ec9c320","6636da50543bf4ef731ae1cc12c10c944b4c197bead127c94b0658fe5ec9c320",
".summer/00_Docs/FCC-01-14/FCC02/FCC-02J_Verdant_Covenant_Canonical_Content_Registry_Completeness_Certification_and_Art_Handoff_v0_1.md","??","propose_stage","preserve_current_poc_source_or_supplied_source_corpus","f57aa9bd1b96982021c80061b80b611f1012a5b437acbfb8282bc72abd4e8502","f57aa9bd1b96982021c80061b80b611f1012a5b437acbfb8282bc72abd4e8502",
".summer/00_Docs/FCC-01-14/FCC02/FCC-02_Verdant_Covenant_Content_Canon_v0_1_MANIFEST.json","??","propose_stage","preserve_current_poc_source_or_supplied_source_corpus","46e139e4aa469a18e6c763a0d1cdf88db99752235a490cfb8709bc008e6f3aa3","46e139e4aa469a18e6c763a0d1cdf88db99752235a490cfb8709bc008e6f3aa3",
".summer/00_Docs/FCC-01-14/FCC03/FCC-03A_Ancestral_Veil_Realm_Identity_Laws_Progression_and_Canon_Boundaries_v0_1.md","??","propose_stage","preserve_current_poc_source_or_supplied_source_corpus","80e993f8f37cb3ee304904c448b4ccabf8a288d14a7f4d6b404d9ae165e04c5b","80e993f8f37cb3ee304904c448b4ccabf8a288d14a7f4d6b404d9ae165e04c5b",
".summer/00_Docs/FCC-01-14/FCC03/FCC-03B_Ancestral_Veil_Biomes_Terrain_Memory_States_and_Environmental_Hazards_v0_1.md","??","propose_stage","preserve_current_poc_source_or_supplied_source_corpus","a10b65cffbc8370acfbbcc58c17a622fad9c704ce7103a38bed177c2bf937bf0","a10b65cffbc8370acfbbcc58c17a622fad9c704ce7103a38bed177c2bf937bf0",
".summer/00_Docs/FCC-01-14/FCC03/FCC-03C_Ancestral_Veil_Geology_Materials_Resources_Processing_and_Provenance_v0_1.md","??","propose_stage","preserve_current_poc_source_or_supplied_source_corpus","c2fea814e464f81d73b26b108c1d4597ce51480ae1d1f0073ff0b6fe8f3bc421","c2fea814e464f81d73b26b108c1d4597ce51480ae1d1f0073ff0b6fe8f3bc421",
".summer/00_Docs/FCC-01-14/FCC03/FCC-03D_Ancestral_Veil_Flora_Soulwood_Ossuary_Ecology_Food_and_Botanical_Ecology_v0_1.md","??","propose_stage","preserve_current_poc_source_or_supplied_source_corpus","7c5adc0075d1d5553c66981170a56d1bbbe8bfe62e7ed5d6ddc74498b210924c","7c5adc0075d1d5553c66981170a56d1bbbe8bfe62e7ed5d6ddc74498b210924c",
".summer/00_Docs/FCC-01-14/FCC03/FCC-03E_Ancestral_Veil_Creatures_Wildlife_Spirit_Ecology_Creature_Materials_and_Variants_v0_1.md","??","propose_stage","preserve_current_poc_source_or_supplied_source_corpus","4392260903ba50cccb4f47280d35abf8d6d011407dbc1246c8630de7314038ec","4392260903ba50cccb4f47280d35abf8d6d011407dbc1246c8630de7314038ec",
".summer/00_Docs/FCC-01-14/FCC03/FCC-03F_Ancestral_Veil_Peoples_Civilisations_Necropolis_Polities_Settlements_Culture_and_Infrastructure_v0_1.md","??","propose_stage","preserve_current_poc_source_or_supplied_source_corpus","9449e73bc889b609988301392d43bf8585cf4925f787b8605fb88924d97889da","9449e73bc889b609988301392d43bf8585cf4925f787b8605fb88924d97889da",
".summer/00_Docs/FCC-01-14/FCC03/FCC-03G_Ancestral_Veil_Structures_Sites_Veilgate_Blocks_Items_Processing_and_Recipes_v0_1.md","??","propose_stage","preserve_current_poc_source_or_supplied_source_corpus","55c123196873b751bd7a91539e89286664f1a8f0a7f641a047f7d8dfc67a13ff","55c123196873b751bd7a91539e89286664f1a8f0a7f641a047f7d8dfc67a13ff",
".summer/00_Docs/FCC-01-14/FCC03/FCC-03H_Ancestral_Veil_Dungeons_Guardians_Authorities_Events_and_Major_Outcomes_v0_2.md","??","propose_stage","preserve_current_poc_source_or_supplied_source_corpus","ba07006c83310e1d7c875659401134307dc8cd4bacff7ad44c77df82bf8cddfc","ba07006c83310e1d7c875659401134307dc8cd4bacff7ad44c77df82bf8cddfc",
".summer/00_Docs/FCC-01-14/FCC03/FCC-03I_Ancestral_Veil_Identity_Memory_States_Necropolis_Dynamics_Void_Corruption_Restoration_and_Cross-Realm_Interaction_v0_1.md","??","propose_stage","preserve_current_poc_source_or_supplied_source_corpus","3b178bf86025b3067cca36b32d43aff08638f066764ce0ffa83a2642afc648e9","3b178bf86025b3067cca36b32d43aff08638f066764ce0ffa83a2642afc648e9",
".summer/00_Docs/FCC-01-14/FCC03/FCC-03J_Ancestral_Veil_Final_Canon_Registry_Validation_Completeness_Certification_and_Art_Handoff_v0_1.md","??","propose_stage","preserve_current_poc_source_or_supplied_source_corpus","754e70c1ea8fb69540fc7c6e6c783eb9a010259631cc57391676ca28e4094d82","754e70c1ea8fb69540fc7c6e6c783eb9a010259631cc57391676ca28e4094d82",
".summer/00_Docs/FCC-01-14/FCC03/README_FCC-03_Ancestral_Veil.md","??","propose_stage","preserve_current_poc_source_or_supplied_source_corpus","1361918dc59bb889296e46cc27f231657c17825808c8b15210e9e29ddd913c51","1361918dc59bb889296e46cc27f231657c17825808c8b15210e9e29ddd913c51",
".summer/00_Docs/FCC-01-14/FCC04/FCC-04A_Somnolent_Expanse_Realm_Identity_Laws_Progression_and_Canon_Boundaries_v0_1.md","??","propose_stage","preserve_current_poc_source_or_supplied_source_corpus","0c917b6c18a1bba61ef9297b7d8782f29366653483913e43ff22cd18af71ceac","0c917b6c18a1bba61ef9297b7d8782f29366653483913e43ff22cd18af71ceac",
".summer/00_Docs/FCC-01-14/FCC04/FCC-04B_Somnolent_Expanse_Biomes_Terrain_Coherence_States_and_Environmental_Hazards_v0_1.md","??","propose_stage","preserve_current_poc_source_or_supplied_source_corpus","48744959789ed7cd9804ef02124153fe7171ba5d445e6d7bc510cefb836a8c60","48744959789ed7cd9804ef02124153fe7171ba5d445e6d7bc510cefb836a8c60",
".summer/00_Docs/FCC-01-14/FCC04/FCC-04C_Somnolent_Expanse_Geology_Materials_Resources_Processing_Foundations_and_Material_Provenance_v0_1.md","??","propose_stage","preserve_current_poc_source_or_supplied_source_corpus","149bd6fd804318262e543154b465b683117f217ed61cf1dd2b238f0b1e797952","149bd6fd804318262e543154b465b683117f217ed61cf1dd2b238f0b1e797952",
".summer/00_Docs/FCC-01-14/FCC04/FCC-04D_Somnolent_Expanse_Flora_Reverie_Wood_Crops_Fungi_Food_and_Botanical_Ecology_v0_1.md","??","propose_stage","preserve_current_poc_source_or_supplied_source_corpus","4713c39ceb8034e6960a972fdd16a79895e64388211d9416c4c824b88070f713","4713c39ceb8034e6960a972fdd16a79895e64388211d9416c4c824b88070f713",
".summer/00_Docs/FCC-01-14/FCC04/FCC-04E_Somnolent_Expanse_Creatures_Dream_Ecology_Creature_Materials_Variants_and_Personhood_Boundaries_v0_1.md","??","propose_stage","preserve_current_poc_source_or_supplied_source_corpus","8686273ce6e24f495a6f0d3c82db1b81b8fb92595cd4d4c8e6859ba598a6fb88","8686273ce6e24f495a6f0d3c82db1b81b8fb92595cd4d4c8e6859ba598a6fb88",
".summer/00_Docs/FCC-01-14/FCC04/FCC-04F_Somnolent_Expanse_Civilisations_Cultures_Settlements_Structures_and_Social_Systems_v0_1.md","??","propose_stage","preserve_current_poc_source_or_supplied_source_corpus","2698f9c1da8a33c3e4859ea106047cafc98444acf264c5fbaab0c93da0929890","2698f9c1da8a33c3e4859ea106047cafc98444acf264c5fbaab0c93da0929890",
".summer/00_Docs/FCC-01-14/FCC04/FCC-04G_Somnolent_Expanse_Structures_Sites_Dreamgate_Blocks_Items_Processing_and_Recipes_v0_1.md","??","propose_stage","preserve_current_poc_source_or_supplied_source_corpus","8d8dd3e10f7d80817a1b0c973686de58e25dc9949266aefaa834a4d7d79ecd32","8d8dd3e10f7d80817a1b0c973686de58e25dc9949266aefaa834a4d7d79ecd32",
".summer/00_Docs/FCC-01-14/FCC04/FCC-04H_Somnolent_Expanse_Dungeons_Guardians_Authorities_Events_and_Major_Outcomes_v0_1.md","??","propose_stage","preserve_current_poc_source_or_supplied_source_corpus","bd1dc72095b53683f25d1c66389d45acda7ae839befc1f57810ceb25bcdd7d79","bd1dc72095b53683f25d1c66389d45acda7ae839befc1f57810ceb25bcdd7d79",
".summer/00_Docs/FCC-01-14/FCC04/FCC-04I_Somnolent_Expanse_Dream_States_Nightmare_Dynamics_Void_Corruption_Stabilisation_Restoration_and_Cross-Realm_Interaction_v0_1.md","??","propose_stage","preserve_current_poc_source_or_supplied_source_corpus","af0c13645e1332bfa2572c150a058e5539a37f9ebb34ba2ebb139a3402f8dde4","af0c13645e1332bfa2572c150a058e5539a37f9ebb34ba2ebb139a3402f8dde4",
".summer/00_Docs/FCC-01-14/FCC04/FCC-04J_Somnolent_Expanse_Final_Canon_Registry_Validation_Completeness_Certification_and_Art_Handoff_v0_1.md","??","propose_stage","preserve_current_poc_source_or_supplied_source_corpus","6a903ff3c7c3b7fd8880f7220fb7f4b36a728fd9fdc565c2c35bfade2b4e67bb","6a903ff3c7c3b7fd8880f7220fb7f4b36a728fd9fdc565c2c35bfade2b4e67bb",
".summer/00_Docs/FCC-01-14/FCC04/FCC-04_MANIFEST.json","??","propose_stage","preserve_current_poc_source_or_supplied_source_corpus","8545f7a229ab640bcf72a5934e872a2223b010ef7e56637f7c90547fe5e1e945","8545f7a229ab640bcf72a5934e872a2223b010ef7e56637f7c90547fe5e1e945",
".summer/00_Docs/FCC-01-14/FCC04/FCC-04_MANIFEST.txt","??","propose_stage","preserve_current_poc_source_or_supplied_source_corpus","a3748d60bba566e0036883f675032a35b213f0aa2c3643b2486603d645312e0a","a3748d60bba566e0036883f675032a35b213f0aa2c3643b2486603d645312e0a",
".summer/00_Docs/FCC-01-14/FCC05/FCC-05A_Ascendant_Reach_Realm_Identity_Laws_Progression_and_Canon_Boundaries_v0_1.md","??","propose_stage","preserve_current_poc_source_or_supplied_source_corpus","ed21dce2356059a447cab174bd444fed0dd46b643c9e689d06eb1079879ae02b","ed21dce2356059a447cab174bd444fed0dd46b643c9e689d06eb1079879ae02b",
".summer/00_Docs/FCC-01-14/FCC05/FCC-05B_Ascendant_Reach_Biomes_Terrain_Altitude_Bands_Regional_States_and_Environmental_Hazards_v0_1.md","??","propose_stage","preserve_current_poc_source_or_supplied_source_corpus","c22b7b8d1be89582e5eaac020fd0587e607a454e467556f5ffdc462719d31671","c22b7b8d1be89582e5eaac020fd0587e607a454e467556f5ffdc462719d31671",
".summer/00_Docs/FCC-01-14/FCC05/FCC-05C_Ascendant_Reach_Geology_Materials_Resources_Processing_Foundations_and_Material_Provenance_v0_1.md","??","propose_stage","preserve_current_poc_source_or_supplied_source_corpus","d51e1870641fd8d4fdf1d84fac7d7f811e9af2a9619e349dcbe9802abb70591d","d51e1870641fd8d4fdf1d84fac7d7f811e9af2a9619e349dcbe9802abb70591d",
".summer/00_Docs/FCC-01-14/FCC05/FCC-05D_Ascendant_Reach_Flora_Trees_Woods_Agriculture_Food_and_Botanical_Ecology_v0_1.md","??","propose_stage","preserve_current_poc_source_or_supplied_source_corpus","63fca69e8c92eba956d4d7965690c470936dc106deba3552567cf7d1dfa6b6ab","63fca69e8c92eba956d4d7965690c470936dc106deba3552567cf7d1dfa6b6ab",
".summer/00_Docs/FCC-01-14/FCC05/FCC-05E_Ascendant_Reach_Creatures_Vertical_Ecology_Creature_Materials_Husbandry_Variants_and_Personhood_Boundaries_v0_1.md","??","propose_stage","preserve_current_poc_source_or_supplied_source_corpus","7a585bb1561911b292e75e05f71cc40c20fbd6003acd8c5ee4812b7d59d53066","7a585bb1561911b292e75e05f71cc40c20fbd6003acd8c5ee4812b7d59d53066",
".summer/00_Docs/FCC-01-14/FCC05/FCC-05F_Ascendant_Reach_Peoples_Civilisations_Settlements_Divine_Institutions_Culture_and_Infrastructure_v0_1.md","??","propose_stage","preserve_current_poc_source_or_supplied_source_corpus","4a5c985e2e29e2cf7d0e9b46afff9ed82a36bb4dd5c10f2d2529f83816d8f5e4","4a5c985e2e29e2cf7d0e9b46afff9ed82a36bb4dd5c10f2d2529f83816d8f5e4",
".summer/00_Docs/FCC-01-14/FCC05/FCC-05G_Ascendant_Reach_Structures_Sites_Ascension_Gate_Blocks_Items_Processing_and_Recipes_v0_1.md","??","propose_stage","preserve_current_poc_source_or_supplied_source_corpus","e608a29c8c6403131bb3db6e1c86ae7f0c0ce4aff4aaec4f23e08b66e0511303","e608a29c8c6403131bb3db6e1c86ae7f0c0ce4aff4aaec4f23e08b66e0511303",
".summer/00_Docs/FCC-01-14/FCC05/FCC-05H_Ascendant_Reach_Dungeons_Guardians_Authorities_Pilgrim_Star_Events_and_Major_Outcomes_v0_1.md","??","propose_stage","preserve_current_poc_source_or_supplied_source_corpus","c3e1bf16df1817dda8de4c64c7e29f75a65b1ae39c91f5b79dd2480344951395","c3e1bf16df1817dda8de4c64c7e29f75a65b1ae39c91f5b79dd2480344951395",
".summer/00_Docs/FCC-01-14/FCC05/FCC-05I_Ascendant_Reach_Realm_States_Sacred_Law_Dynamics_Void_Corruption_Stabilisation_Restoration_and_Cross_Realm_Interaction_v0_1.md","??","propose_stage","preserve_current_poc_source_or_supplied_source_corpus","11018a86da50105c5012fe1743063c270fe12333dfca5d9dfb762470f201e9ef","11018a86da50105c5012fe1743063c270fe12333dfca5d9dfb762470f201e9ef",
".summer/00_Docs/FCC-01-14/FCC05/FCC-05J_Ascendant_Reach_Final_Canon_Registry_Validation_Completeness_Certification_and_Art_Handoff_v0_1.md","??","propose_stage","preserve_current_poc_source_or_supplied_source_corpus","4d31b99881e5c51ab27c9568fff5255577b455e898b24d9ca4621bdb62184946","4d31b99881e5c51ab27c9568fff5255577b455e898b24d9ca4621bdb62184946",
".summer/00_Docs/FCC-01-14/FCC06/FCC-06A_Impossible_Deep_Realm_Identity_Laws_Progression_and_Canon_Boundaries_v0_1.md","??","propose_stage","preserve_current_poc_source_or_supplied_source_corpus","59aeb5271dc0c57744c05b50021de30d0e85769291f9a35e94cb18fe77193c39","59aeb5271dc0c57744c05b50021de30d0e85769291f9a35e94cb18fe77193c39",
".summer/00_Docs/FCC-01-14/FCC06/FCC-06B_Impossible_Deep_Biomes_Terrain_Environmental_Hazards_and_Regional_States_v0_1.md","??","propose_stage","preserve_current_poc_source_or_supplied_source_corpus","60a978b5ca86b9ae140fde983baab702ef161c570f6a2fc68ef5e2480f65080f","60a978b5ca86b9ae140fde983baab702ef161c570f6a2fc68ef5e2480f65080f",
".summer/00_Docs/FCC-01-14/FCC06/FCC-06C_Impossible_Deep_Geology_Materials_Native_Resources_and_Derived_Material_Canon_v0_1.md","??","propose_stage","preserve_current_poc_source_or_supplied_source_corpus","0ed6d13a2995f77abccf2910214f97d2f4f25417d78736fb2ea0ae6dfd53b945","0ed6d13a2995f77abccf2910214f97d2f4f25417d78736fb2ea0ae6dfd53b945",
".summer/00_Docs/FCC-01-14/FCC06/FCC-06D_Impossible_Deep_Flora_Fungi_Agriculture_Crops_and_Food_Ecology_v0_1.md","??","propose_stage","preserve_current_poc_source_or_supplied_source_corpus","efece476c9dad4859d1e21aac1ee5614f044ed97b0e3fc6199a9d1d2863b6a37","efece476c9dad4859d1e21aac1ee5614f044ed97b0e3fc6199a9d1d2863b6a37",
".summer/00_Docs/FCC-01-14/FCC06/FCC-06E_Impossible_Deep_Creatures_Fauna_and_Ecology_v0_1.md","??","propose_stage","preserve_current_poc_source_or_supplied_source_corpus","3a05992c3d288f1e29a9c49f3e930a747c8bf36fc54b2c6b025b5a3a0fa7afda","3a05992c3d288f1e29a9c49f3e930a747c8bf36fc54b2c6b025b5a3a0fa7afda",
".summer/00_Docs/FCC-01-14/FCC06/FCC-06F_Impossible_Deep_Civilisations_Settlements_Structures_and_Infrastructure_v0_1.md","??","propose_stage","preserve_current_poc_source_or_supplied_source_corpus","acea0846a865495ba8694f35480eeede7ab7af7f07693b2dc7be367f20d42f50","acea0846a865495ba8694f35480eeede7ab7af7f07693b2dc7be367f20d42f50",
".summer/00_Docs/FCC-01-14/FCC06/FCC-06G_Impossible_Deep_Blocks_Items_Processing_and_Recipes_v0_1.md","??","propose_stage","preserve_current_poc_source_or_supplied_source_corpus","d19bf2e32668c80cc0eee34ad356fb121c432245ab400173e66422160e027c5f","d19bf2e32668c80cc0eee34ad356fb121c432245ab400173e66422160e027c5f",
".summer/00_Docs/FCC-01-14/FCC06/FCC-06H_Impossible_Deep_Dungeons_Guardians_Realm_Authorities_and_Major_Encounters_v0_1.md","??","propose_stage","preserve_current_poc_source_or_supplied_source_corpus","3b4e0487ccda77b8bdc8bf467c0db6d5c08458eda24ed1e35697cc61461eee60","3b4e0487ccda77b8bdc8bf467c0db6d5c08458eda24ed1e35697cc61461eee60",
".summer/00_Docs/FCC-01-14/FCC06/FCC-06I_Impossible_Deep_Corruption_Regional_States_Realm_Events_and_Cross_Realm_Interfaces_v0_1.md","??","propose_stage","preserve_current_poc_source_or_supplied_source_corpus","ed3a2b36605e4a5d50c5bf6481ef0b3525f77801017b06d98baf27ee910e68fc","ed3a2b36605e4a5d50c5bf6481ef0b3525f77801017b06d98baf27ee910e68fc",
".summer/00_Docs/FCC-01-14/FCC06/FCC-06J_Impossible_Deep_Final_Registry_Completeness_Audit_and_Art_Handoff_v0_1.md","??","propose_stage","preserve_current_poc_source_or_supplied_source_corpus","8ee59905d76a7bda48b380231522e4018e36240375bd9dfa92a4703f37d924d4","8ee59905d76a7bda48b380231522e4018e36240375bd9dfa92a4703f37d924d4",
".summer/00_Docs/FCC-01-14/FCC08/FCC-08A_Ashen_Lower_Realms_Realm_Identity_Laws_Progression_and_Canon_Boundaries_v0_1.md","??","propose_stage","preserve_current_poc_source_or_supplied_source_corpus","38f084ee43a1c5ecfb892aa869ff33159b5ba52bede8b01500c273c9f4283884","38f084ee43a1c5ecfb892aa869ff33159b5ba52bede8b01500c273c9f4283884",
".summer/00_Docs/FCC-01-14/FCC08/FCC-08B_Ashen_Lower_Realms_Biomes_Terrain_Nine_Stratum_Distribution_Environmental_Hazards_and_Regional_States_v0_1.md","??","propose_stage","preserve_current_poc_source_or_supplied_source_corpus","169a83534e79c643ee26007d82b3c9528885c3db506eb0e82f82b838dfaa72a3","169a83534e79c643ee26007d82b3c9528885c3db506eb0e82f82b838dfaa72a3",
".summer/00_Docs/FCC-01-14/FCC08/FCC-08C_Ashen_Lower_Realms_Geology_Materials_Resources_Processing_Foundations_and_Provenance_v0_1.md","??","propose_stage","preserve_current_poc_source_or_supplied_source_corpus","4b0241259f1b48c8408fb152b549e14d0aff0b36e43c4a62616190d5bb9fb7f4","4b0241259f1b48c8408fb152b549e14d0aff0b36e43c4a62616190d5bb9fb7f4",
".summer/00_Docs/FCC-01-14/FCC08/FCC-08D_Ashen_Lower_Realms_Flora_Fungi_Agriculture_Crops_and_Food_Ecology_v0_1.md","??","propose_stage","preserve_current_poc_source_or_supplied_source_corpus","708cddcde7355b65a821f54c46077da2e70fc304194c2c40b4b8c7e6f57d897c","708cddcde7355b65a821f54c46077da2e70fc304194c2c40b4b8c7e6f57d897c",
".summer/00_Docs/FCC-01-14/FCC08/FCC-08E_Ashen_Lower_Realms_Creatures_Fauna_Creature_Materials_and_Ecology_v0_1.md","??","propose_stage","preserve_current_poc_source_or_supplied_source_corpus","9a567b9fb7b4b6b8c5d8474682a64d5a355738e82956baa19bf91f57c76e7c30","9a567b9fb7b4b6b8c5d8474682a64d5a355738e82956baa19bf91f57c76e7c30",
".summer/00_Docs/FCC-01-14/FCC08/FCC-08F_Ashen_Lower_Realms_Peoples_Civilisations_Settlements_Culture_and_Infrastructure_v0_1.md","??","propose_stage","preserve_current_poc_source_or_supplied_source_corpus","30502d8b6cfa45435c00c59727cb0daf21330357150bf41f65913563d46af750","30502d8b6cfa45435c00c59727cb0daf21330357150bf41f65913563d46af750",
".summer/00_Docs/FCC-01-14/FCC08/FCC-08G_Ashen_Lower_Realms_Structures_Sites_Ashgate_Blocks_Items_Processing_and_Recipes_v0_1.md","??","propose_stage","preserve_current_poc_source_or_supplied_source_corpus","df4a6600dce2839fbee2ec08642f7cb6ebe5bb7b45fc54dbd6ee4886c80a557b","df4a6600dce2839fbee2ec08642f7cb6ebe5bb7b45fc54dbd6ee4886c80a557b",
".summer/00_Docs/FCC-01-14/FCC08/FCC-08H_Ashen_Lower_Realms_Dungeons_Guardians_Realm_Authorities_and_Major_Encounters_v0_1.md","??","propose_stage","preserve_current_poc_source_or_supplied_source_corpus","e5026c99552f2e117d44c7fe5fd9adef52b6b1671fe89bc9a0c8a5969278bb50","e5026c99552f2e117d44c7fe5fd9adef52b6b1671fe89bc9a0c8a5969278bb50",
".summer/00_Docs/FCC-01-14/FCC08/FCC-08I_Ashen_Lower_Realms_Corruption_Regional_States_Realm_Events_and_Cross_Realm_Interfaces_v0_1.md","??","propose_stage","preserve_current_poc_source_or_supplied_source_corpus","281e697b4d7f00d6c60456529c85e54788a70e4cb93a2a4c6eff6a149d3e9242","281e697b4d7f00d6c60456529c85e54788a70e4cb93a2a4c6eff6a149d3e9242",
".summer/00_Docs/FCC-01-14/FCC08/FCC-08J_Ashen_Lower_Realms_Final_Registry_Completeness_Audit_and_Art_Handoff_v0_1.md","??","propose_stage","preserve_current_poc_source_or_supplied_source_corpus","4d651ab658249d9cbfc780c14007e0b0162434b6a3955286d5f0ee1fb86eda2a","4d651ab658249d9cbfc780c14007e0b0162434b6a3955286d5f0ee1fb86eda2a",
".summer/00_Docs/FCC-01-14/FCC08/README.md","??","propose_stage","preserve_current_poc_source_or_supplied_source_corpus","3f5f936af054062163780ef8e3f8a478f3403c43ad4b06f45d60d955f8a45646","3f5f936af054062163780ef8e3f8a478f3403c43ad4b06f45d60d955f8a45646",
".summer/00_Docs/FCC-01-14/FCC08/SHA256SUMS.txt","??","propose_stage","preserve_current_poc_source_or_supplied_source_corpus","545ba76f91a0742dd3356cb8f1ea843a4d828402086a9affea4d75bb6f455bfd","545ba76f91a0742dd3356cb8f1ea843a4d828402086a9affea4d75bb6f455bfd",
".summer/00_Docs/FCC-01-14/FCC12/FCC-12A_Universal_Material_Identity_Taxonomy_Provenance_State_and_Quality_v0_1.md","??","propose_stage","preserve_current_poc_source_or_supplied_source_corpus","35b04f257253b4519321540b5f99a4c7acc9373f98c13bf7154ff354ceb5ab13","35b04f257253b4519321540b5f99a4c7acc9373f98c13bf7154ff354ceb5ab13",
".summer/00_Docs/FCC-01-14/FCC12/FCC-12B_Derived_Forms_Processing_Families_and_Material_Transformation_Rules_v0_1.md","??","propose_stage","preserve_current_poc_source_or_supplied_source_corpus","cd1ba886d93463d41b4d0ac45895c590923a728c4390d915ae68f2a9c1231371","cd1ba886d93463d41b4d0ac45895c590923a728c4390d915ae68f2a9c1231371",
".summer/00_Docs/FCC-01-14/FCC12/FCC-12C_Cross-Realm_Export_Stabilisation_Substitution_and_Capability_Equivalence_v0_1.md","??","propose_stage","preserve_current_poc_source_or_supplied_source_corpus","e4430b0dcf284679151dac641a37bbcf09ae19ca4aabfb8664f4e05e6d3ae9ed","e4430b0dcf284679151dac641a37bbcf09ae19ca4aabfb8664f4e05e6d3ae9ed",
".summer/00_Docs/FCC-01-14/FCC12/FCC-12D_Final_Material_Relationship_Registry_Completeness_Audit_and_FCC-13_Handoff_v0_1.md","??","propose_stage","preserve_current_poc_source_or_supplied_source_corpus","749c716b7efd0d4699df5e378e92d073dabee519e6663b1eaf583f5fcd85aded","749c716b7efd0d4699df5e378e92d073dabee519e6663b1eaf583f5fcd85aded",
".summer/00_Docs/FCC-01-14/FCC12/FCC-12_COMPLETE_Autonomous_Interview_Decision_Register_Q1-Q352_v0_1.md","??","propose_stage","preserve_current_poc_source_or_supplied_source_corpus","3fb89acd985a920d0981af56f282bed4f8b051befd01ab50e0ee63cdc7d37126","3fb89acd985a920d0981af56f282bed4f8b051befd01ab50e0ee63cdc7d37126",
".summer/00_Docs/FCC-01-14/FCC12/FCC-12_Final_Document-to-Interview_Fidelity_Audit_and_Canon_Lock_v0_1.md","??","propose_stage","preserve_current_poc_source_or_supplied_source_corpus","f2ec4256cc64c14ba0862e3f761829d142aa4ff08ef8e941f949df088f8c0e16","f2ec4256cc64c14ba0862e3f761829d142aa4ff08ef8e941f949df088f8c0e16",
".summer/00_Docs/FCC-01-14/FCC12/FCC-12_PACKAGE_README.md","??","propose_stage","preserve_current_poc_source_or_supplied_source_corpus","39b89d22b87124564d19099f559c04cd23cc834f60fc1f0d5b3e7c54aaff4383","39b89d22b87124564d19099f559c04cd23cc834f60fc1f0d5b3e7c54aaff4383",
".summer/00_Docs/FCC-01-14/FCC12/FCC-12_Step_1A_Universal_Material_Source_Corpus_Authority_and_Collision_Extraction_v0_1.md","??","propose_stage","preserve_current_poc_source_or_supplied_source_corpus","b8d98f4549a0ca5f26648fe53861dafbebd0f2fcd9bd83b75609515d6556aad1","b8d98f4549a0ca5f26648fe53861dafbebd0f2fcd9bd83b75609515d6556aad1",
".summer/00_Docs/FCC-01-14/FCC12/FCC-12_Step_1B_Cross-Realm_Material_Collision_Equivalence_Lineage_and_State-vs-Identity_Matrix_v0_1.md","??","propose_stage","preserve_current_poc_source_or_supplied_source_corpus","9e9e4d873e95b6cd5f9ba7a7a9bdf23d45038af88ce2d144e53ac1824f96ecb4","9e9e4d873e95b6cd5f9ba7a7a9bdf23d45038af88ce2d144e53ac1824f96ecb4",
".summer/00_Docs/FCC-01-14/FCC12/FCC-12_Step_1C_Universal_Derived_Form_Processing_Inheritance_and_Material_Transformation_Deduplication_Matrix_v0_1.md","??","propose_stage","preserve_current_poc_source_or_supplied_source_corpus","3aa67d92fac447f96c38ee317a7e80ebae0696ed6f698202aebfed6e593de5da","3aa67d92fac447f96c38ee317a7e80ebae0696ed6f698202aebfed6e593de5da",
".summer/00_Docs/FCC-01-14/FCC12/FCC-12_Step_1D_Interview_Architecture_Question_Map_and_Completeness_Gate_v0_1.md","??","propose_stage","preserve_current_poc_source_or_supplied_source_corpus","60578b3df05c6980578811aa2e11cf9de4ce66f407ded59a66f3c63c2ddc510b","60578b3df05c6980578811aa2e11cf9de4ce66f407ded59a66f3c63c2ddc510b",
".summer/00_Docs/FCC-01-14/FCC13/FCC-13_Final_Document-to-Interview_Fidelity_Audit_and_Canon_Lock_v0_1.md","??","propose_stage","preserve_current_poc_source_or_supplied_source_corpus","7eb1173397b58fc3105cee3293a9948fb8a87ab81136d2682a3f514092a1bfd9","7eb1173397b58fc3105cee3293a9948fb8a87ab81136d2682a3f514092a1bfd9",
".summer/00_Docs/FCC-01-14/FCC13/FCC-13_PACKAGE_MANIFEST_SHA256.txt","??","propose_stage","preserve_current_poc_source_or_supplied_source_corpus","d397b3fa6d1eb94c3c25d6a56f7d8e540b648f35de846acaa1ab6877f211a2cd","d397b3fa6d1eb94c3c25d6a56f7d8e540b648f35de846acaa1ab6877f211a2cd",
".summer/00_Docs/FCC-01-14/FCC13/FCC-13_PACKAGE_README.md","??","propose_stage","preserve_current_poc_source_or_supplied_source_corpus","d1650e6b40d0d8322c5dff9f5f469d8b842598da05ee7c49b22f6b176e03e902","d1650e6b40d0d8322c5dff9f5f469d8b842598da05ee7c49b22f6b176e03e902",
".summer/00_Docs/FCC-01-14/FCC13/Leyforge_FCC-13_Definitive_Registry_LOCKED/FCC-13A_Stable_Identity_Registry_Architecture_and_Namespace_Rules_v0_1.md","??","propose_stage","preserve_current_poc_source_or_supplied_source_corpus","335e945d936cbe1213c4baeaf9fdeca1dd6830e87ce1396d51e416a95a349b54","335e945d936cbe1213c4baeaf9fdeca1dd6830e87ce1396d51e416a95a349b54",
".summer/00_Docs/FCC-01-14/FCC13/Leyforge_FCC-13_Definitive_Registry_LOCKED/FCC-13B_Definitive_Block_Object_Item_Form_and_Inventory_Projection_Registry_v0_1.md","??","propose_stage","preserve_current_poc_source_or_supplied_source_corpus","582e1da916d4cc61f05295672d4601bd8dd65c3c3576252a64031f582654eaf9","582e1da916d4cc61f05295672d4601bd8dd65c3c3576252a64031f582654eaf9",
".summer/00_Docs/FCC-01-14/FCC13/Leyforge_FCC-13_Definitive_Registry_LOCKED/FCC-13C_Definitive_Recipe_Process_Provider_and_Quantity_Registry_v0_1.md","??","propose_stage","preserve_current_poc_source_or_supplied_source_corpus","58db7b9e6cffe558ed4b5fd92a3c22ac3078a7e7e6ec668a00924bdb6ac4433f","58db7b9e6cffe558ed4b5fd92a3c22ac3078a7e7e6ec668a00924bdb6ac4433f",
".summer/00_Docs/FCC-01-14/FCC13/Leyforge_FCC-13_Definitive_Registry_LOCKED/FCC-13D_Realm_Portal_Components_Recipes_and_Access_Binding_v0_1.md","??","propose_stage","preserve_current_poc_source_or_supplied_source_corpus","47e725b5ff167ae2693445447cca2c8b9677da782449d6cd75166361a7a6c7eb","47e725b5ff167ae2693445447cca2c8b9677da782449d6cd75166361a7a6c7eb",
".summer/00_Docs/FCC-01-14/FCC13/Leyforge_FCC-13_Definitive_Registry_LOCKED/FCC-13E_Final_312-Row_Legacy_Migration_Matrix_v0_1.csv","??","propose_stage","preserve_current_poc_source_or_supplied_source_corpus","8ecd4f8ec4a78e7e651de295a337a02e435852cdddea036040a0f69d1cc58036","8ecd4f8ec4a78e7e651de295a337a02e435852cdddea036040a0f69d1cc58036",
".summer/00_Docs/FCC-01-14/FCC13/Leyforge_FCC-13_Definitive_Registry_LOCKED/FCC-13E_Legacy_Migration_Matrix_Completeness_Audit_and_FCC-14_Handoff_v0_1.md","??","propose_stage","preserve_current_poc_source_or_supplied_source_corpus","aa334414ab509e3e7674336f3d62767d3064f29ea1292ccea2ab9a452c6a5610","aa334414ab509e3e7674336f3d62767d3064f29ea1292ccea2ab9a452c6a5610",
".summer/00_Docs/FCC-01-14/FCC13/Leyforge_FCC-13_Definitive_Registry_LOCKED/FCC-13_COMPLETE_Autonomous_Binding_Interview_Decision_Register_Q1-Q268_v0_1.md","??","propose_stage","preserve_current_poc_source_or_supplied_source_corpus","1cfcbca8f46c23b7a7294ebd59ace1b4240509ae2c4fbd2cf09545eb8e23a53f","1cfcbca8f46c23b7a7294ebd59ace1b4240509ae2c4fbd2cf09545eb8e23a53f",
".summer/00_Docs/FCC-01-14/FCC13/Leyforge_FCC-13_Definitive_Registry_LOCKED/FCC-13_Final_Document-to-Interview_Fidelity_Audit_and_Canon_Lock_v0_1.md","??","propose_stage","preserve_current_poc_source_or_supplied_source_corpus","7eb1173397b58fc3105cee3293a9948fb8a87ab81136d2682a3f514092a1bfd9","7eb1173397b58fc3105cee3293a9948fb8a87ab81136d2682a3f514092a1bfd9",
".summer/00_Docs/FCC-01-14/FCC13/Leyforge_FCC-13_Definitive_Registry_LOCKED/FCC-13_PACKAGE_MANIFEST_SHA256.txt","??","propose_stage","preserve_current_poc_source_or_supplied_source_corpus","d397b3fa6d1eb94c3c25d6a56f7d8e540b648f35de846acaa1ab6877f211a2cd","d397b3fa6d1eb94c3c25d6a56f7d8e540b648f35de846acaa1ab6877f211a2cd",
".summer/00_Docs/FCC-01-14/FCC13/Leyforge_FCC-13_Definitive_Registry_LOCKED/FCC-13_PACKAGE_README.md","??","propose_stage","preserve_current_poc_source_or_supplied_source_corpus","d1650e6b40d0d8322c5dff9f5f469d8b842598da05ee7c49b22f6b176e03e902","d1650e6b40d0d8322c5dff9f5f469d8b842598da05ee7c49b22f6b176e03e902",
".summer/00_Docs/FCC-01-14/FCC13/Leyforge_FCC-13_Definitive_Registry_LOCKED/FCC-13_Step_1A_Definitive_Registry_Source_Corpus_Authority_and_Binding_Extraction_v0_1.md","??","propose_stage","preserve_current_poc_source_or_supplied_source_corpus","fe52fb30c6e27a9f4ff43d010549db77bf1a478fabf0f2161d5705fc1e22e066","fe52fb30c6e27a9f4ff43d010549db77bf1a478fabf0f2161d5705fc1e22e066",
".summer/00_Docs/FCC-01-14/FCC13/Leyforge_FCC-13_Definitive_Registry_LOCKED/FCC-13_Step_1B_Legacy_POC_Row_Collision_Duplicate_Canonical-Target_and_Migration_Matrix_v0_1.md","??","propose_stage","preserve_current_poc_source_or_supplied_source_corpus","78d0b12cd8743b516bc87a57ddf2c016f6497b6da23a5adcc785cfd3ecc9ae32","78d0b12cd8743b516bc87a57ddf2c016f6497b6da23a5adcc785cfd3ecc9ae32",
".summer/00_Docs/FCC-01-14/FCC13/Leyforge_FCC-13_Definitive_Registry_LOCKED/FCC-13_Step_1B_Legacy_POC_Row_Migration_Matrix_v0_1.csv","??","propose_stage","preserve_current_poc_source_or_supplied_source_corpus","113e0e1b6d3a67dd56fb50e8481b81f96d646407e7acbabea6b9d643005b9ec4","113e0e1b6d3a67dd56fb50e8481b81f96d646407e7acbabea6b9d643005b9ec4",
".summer/00_Docs/FCC-01-14/FCC13/Leyforge_FCC-13_Definitive_Registry_LOCKED/FCC-13_Step_1C_Canonical_Content_Binding_Matrix_v0_1.md","??","propose_stage","preserve_current_poc_source_or_supplied_source_corpus","9c4ede3fa904bd2a6c6403ba5f516517080358899cdcdf40bbe7097d9a1d7c0d","9c4ede3fa904bd2a6c6403ba5f516517080358899cdcdf40bbe7097d9a1d7c0d",
".summer/00_Docs/FCC-01-14/FCC13/Leyforge_FCC-13_Definitive_Registry_LOCKED/FCC-13_Step_1D_Recipe_Provider_Portal_Dependency_and_Exact-Binding_Matrix_v0_1.md","??","propose_stage","preserve_current_poc_source_or_supplied_source_corpus","928d62854bb6f904f6892d8c7a84ba02ec155c467f2dcb8a12f24281963501d3","928d62854bb6f904f6892d8c7a84ba02ec155c467f2dcb8a12f24281963501d3",
".summer/00_Docs/FCC-01-14/FCC13/Leyforge_FCC-13_Definitive_Registry_LOCKED/FCC-13_Step_1E_Interview_Architecture_Decision_Map_and_Completeness_Gate_v0_1.md","??","propose_stage","preserve_current_poc_source_or_supplied_source_corpus","4a6a7b0288405e54110e7953e32b5501acbaf37af66b38b745d5183909f3d8ba","4a6a7b0288405e54110e7953e32b5501acbaf37af66b38b745d5183909f3d8ba",
".summer/00_Docs/FCC-01-14/FCC14/FCC-14D_Final_Hold_Amendment_Register_Completeness_Audit_Package_Manifest_and_Cross-Realm_Certification_Lock_v0_1.md","??","propose_stage","preserve_current_poc_source_or_supplied_source_corpus","1dbd58813dd749068e370cbc7a3dad1529b48e3b92b9c165bc5f8e501a23961a","1dbd58813dd749068e370cbc7a3dad1529b48e3b92b9c165bc5f8e501a23961a",
".summer/00_Docs/FCC-01-14/FCC14/FCC-14_Final_Authority_Package_SHA256_v0_1.txt","??","propose_stage","preserve_current_poc_source_or_supplied_source_corpus","75b79e46607751d3be8e8ffcb9f8e93aa2268f31a3d4a781db3a591746a58cad","75b79e46607751d3be8e8ffcb9f8e93aa2268f31a3d4a781db3a591746a58cad",
".summer/00_Docs/FCC-01-14/FCC14/Leyforge_FCC-14_Final_Cross-Realm_Certification_Package_v0_1/FCC-14A_Final_Cross-Realm_Certification_and_Global_Invariant_Register_v0_1.md","??","propose_stage","preserve_current_poc_source_or_supplied_source_corpus","433e99097ed1314d3b2a64ee33bdcccd4a204ea101c90ce147d5bc17d140312f","433e99097ed1314d3b2a64ee33bdcccd4a204ea101c90ce147d5bc17d140312f",
".summer/00_Docs/FCC-01-14/FCC14/Leyforge_FCC-14_Final_Cross-Realm_Certification_Package_v0_1/FCC-14B_Semantic_Art-Handoff_and_Visual_Distinction_Manifest_v0_1.md","??","propose_stage","preserve_current_poc_source_or_supplied_source_corpus","947a9ef62aa31bfb24ece6f5a1e4781192f5993bb0ab180e46737c917893db72","947a9ef62aa31bfb24ece6f5a1e4781192f5993bb0ab180e46737c917893db72",
".summer/00_Docs/FCC-01-14/FCC14/Leyforge_FCC-14_Final_Cross-Realm_Certification_Package_v0_1/FCC-14C_Forge_Technical_Validation_and_Migration_Handoff_Requirements_v0_1.md","??","propose_stage","preserve_current_poc_source_or_supplied_source_corpus","c548d7170f7dce4bdbac024d5a731742f71b8756823f796ab232a20dd9a1c07a","c548d7170f7dce4bdbac024d5a731742f71b8756823f796ab232a20dd9a1c07a",
".summer/00_Docs/FCC-01-14/FCC14/Leyforge_FCC-14_Final_Cross-Realm_Certification_Package_v0_1/FCC-14D_Final_Hold_Amendment_Register_Completeness_Audit_Package_Manifest_and_Cross-Realm_Certification_Lock_v0_1.md","??","propose_stage","preserve_current_poc_source_or_supplied_source_corpus","1dbd58813dd749068e370cbc7a3dad1529b48e3b92b9c165bc5f8e501a23961a","1dbd58813dd749068e370cbc7a3dad1529b48e3b92b9c165bc5f8e501a23961a",
".summer/00_Docs/FCC-01-14/FCC14/Leyforge_FCC-14_Final_Cross-Realm_Certification_Package_v0_1/FCC-14_Final_Authority_Package_SHA256_v0_1.txt","??","propose_stage","preserve_current_poc_source_or_supplied_source_corpus","75b79e46607751d3be8e8ffcb9f8e93aa2268f31a3d4a781db3a591746a58cad","75b79e46607751d3be8e8ffcb9f8e93aa2268f31a3d4a781db3a591746a58cad",
".summer/00_Docs/OLD/00-20-Foundation/00_Fantasy_Voxel_Civilisation_Sandbox_Master_Game_Design_Bible_v0_1.md"," D","propose_stage_deletion","content_relocation_verified_original_blob_preserved",,,"f7dbafe207bb61d7ff586cfdf135a8c22efd0645"
".summer/00_Docs/OLD/00-20-Foundation/01_Fantasy_Voxel_Civilisation_Sandbox_Core_Gameplay_Loop_v0_1.md"," D","propose_stage_deletion","content_relocation_verified_original_blob_preserved",,,"27992863f881254f5afcd4f44c9deea33c085ace"
".summer/00_Docs/OLD/00-20-Foundation/02_Fantasy_Voxel_Civilisation_Sandbox_Player_Progression_System_v0_1.md"," D","propose_stage_deletion","content_relocation_verified_original_blob_preserved",,,"3c74c1caca51e28fa807945a79e2964fdadeb2fc"
".summer/00_Docs/OLD/00-20-Foundation/03_Fantasy_Voxel_Civilisation_Sandbox_Blocks_Registry_v0_1.md"," D","propose_stage_deletion","content_relocation_verified_original_blob_preserved",,,"4e96d1c0d13f4826b5455583fa627a1015c4cf2a"
".summer/00_Docs/OLD/00-20-Foundation/04_Fantasy_Voxel_Civilisation_Sandbox_Items_Registry_v0_1.md"," D","propose_stage_deletion","content_relocation_verified_original_blob_preserved",,,"523a2b00a9956357ac1f59929d45d870da9a7591"
".summer/00_Docs/OLD/00-20-Foundation/05_Fantasy_Voxel_Civilisation_Sandbox_Crafting_Recipe_Registry_v0_1.md"," D","propose_stage_deletion","content_relocation_verified_original_blob_preserved",,,"6f06981d2865ab4ac97d50d8d1336d33776d5099"
".summer/00_Docs/OLD/00-20-Foundation/06_Fantasy_Voxel_Civilisation_Sandbox_Resource_Progression_v0_1.md"," D","propose_stage_deletion","content_relocation_verified_original_blob_preserved",,,"83705e4050c46e51a484b2879ef5a12efa74c8ed"
".summer/00_Docs/OLD/00-20-Foundation/07_Fantasy_Voxel_Civilisation_Sandbox_NPC_Village_System_v0_1.md"," D","propose_stage_deletion","content_relocation_verified_original_blob_preserved",,,"281efd19d6af9a23376891f3933496bc1832b60e"
".summer/00_Docs/OLD/00-20-Foundation/08_Fantasy_Voxel_Civilisation_Sandbox_Automation_System_v0_1.md"," D","propose_stage_deletion","content_relocation_verified_original_blob_preserved",,,"46e24a683ec8af9c7e5497987d66fda0968325eb"
".summer/00_Docs/OLD/00-20-Foundation/09_Fantasy_Voxel_Civilisation_Sandbox_Magic_System_v0_1.md"," D","propose_stage_deletion","content_relocation_verified_original_blob_preserved",,,"c8b48337554a615addad1af0ee14ba99a248327e"
".summer/00_Docs/OLD/00-20-Foundation/10_Fantasy_Voxel_Civilisation_Sandbox_Creatures_and_Monsters_v0_1.md"," D","propose_stage_deletion","content_relocation_verified_original_blob_preserved",,,"3f8faa6b3a39dc968b334de4568be4c15f64ca0d"
".summer/00_Docs/OLD/00-20-Foundation/11_Fantasy_Voxel_Civilisation_Sandbox_Biomes_and_World_Generation_v0_1.md"," D","propose_stage_deletion","content_relocation_verified_original_blob_preserved",,,"3098a3bbfbb5bd9cce592ac798715d8329964d39"
".summer/00_Docs/OLD/00-20-Foundation/12_Fantasy_Voxel_Civilisation_Sandbox_Structures_v0_1.md"," D","propose_stage_deletion","content_relocation_verified_original_blob_preserved",,,"83262caaa6f0f8fb5ede3409220bd6b2486b5561"
".summer/00_Docs/OLD/00-20-Foundation/13_Fantasy_Voxel_Civilisation_Sandbox_Races_Peoples_Cultures_and_Factions_v0_1.md"," D","propose_stage_deletion","content_relocation_verified_original_blob_preserved",,,"0bda41db7ad08dc08c9b3ff208de4bbeb7ae9211"
".summer/00_Docs/OLD/00-20-Foundation/14_Fantasy_Voxel_Civilisation_Sandbox_Dimensions_v0_1.md"," D","propose_stage_deletion","content_relocation_verified_original_blob_preserved",,,"d330f151fea5d74d819eecb4c91765a1038feabd"
".summer/00_Docs/OLD/00-20-Foundation/15_Fantasy_Voxel_Civilisation_Sandbox_Quest_and_Event_System_v0_1.md"," D","propose_stage_deletion","content_relocation_verified_original_blob_preserved",,,"93d734477e7f1518ca26ed444bc5efb4bd986e92"
".summer/00_Docs/OLD/00-20-Foundation/16_Fantasy_Voxel_Civilisation_Sandbox_Combat_Gear_and_Defence_System_v0_1.md"," D","propose_stage_deletion","content_relocation_verified_original_blob_preserved",,,"21b81fa3b31d860e8f06075343ff6e19ed0568bf"
".summer/00_Docs/OLD/00-20-Foundation/17_Fantasy_Voxel_Civilisation_Sandbox_UI_UX_System_v0_1.md"," D","propose_stage_deletion","content_relocation_verified_original_blob_preserved",,,"0245801479c2c795df19cebe569c55541cf7617d"
".summer/00_Docs/OLD/00-20-Foundation/18_Fantasy_Voxel_Civilisation_Sandbox_Technical_Implementation_Plan_v0_1.md"," D","propose_stage_deletion","content_relocation_verified_original_blob_preserved",,,"d4a4085d57b11223541cd0be28d3d925323b585c"
".summer/00_Docs/OLD/00-20-Foundation/19_Fantasy_Voxel_Civilisation_Sandbox_Settlement_Growth_and_Player_Voxel_Blueprint_System_v0_1.md"," D","propose_stage_deletion","content_relocation_verified_original_blob_preserved",,,"3ad68b1fdb0fe4af406e34e44b934b5973bfc862"
".summer/00_Docs/OLD/00-20-Foundation/20_Fantasy_Voxel_Civilisation_Sandbox_Buildings_Facilities_Construction_and_Settlement_Project_System_v0_2.md"," D","propose_stage_deletion","content_relocation_verified_original_blob_preserved",,,"fd94e63c560e1eddf1d9c37201c54bfea18cc6f5"
".summer/00_Docs/OLD/20_Fantasy_Voxel_Civilisation_Sandbox_Buildings_Facilities_and_Settlement_Project_Registry_v0_1.md"," D","propose_stage_deletion","content_relocation_verified_original_blob_preserved",,,"04c3463590a5eaf0b98cddedfbe579b4652391a3"
".summer/00_Docs/PRD/BUNDLE_METADATA_SHA256.txt","??","propose_stage","preserve_current_poc_source_or_supplied_source_corpus","1329ddfd50de149fb337fee4e6892ae821a398f940190caa49864ed50a12c247","1329ddfd50de149fb337fee4e6892ae821a398f940190caa49864ed50a12c247",
".summer/00_Docs/PRD/Leyforge_Pre-Rebuild_Roadmap_Checklist_v0_2.docx","??","propose_stage","preserve_current_poc_source_or_supplied_source_corpus","d58c923237c8c40d3029786f67b8fd622b33deaeac42be6990bf2a508dd5ac8c","d58c923237c8c40d3029786f67b8fd622b33deaeac42be6990bf2a508dd5ac8c",
".summer/00_Docs/PRD/MANIFEST.json","??","propose_stage","preserve_current_poc_source_or_supplied_source_corpus","3b6da1eea8f47ae9294c5e9ed707a2766deea085dfdd2c7d9a6ad6c029b73cc9","3b6da1eea8f47ae9294c5e9ed707a2766deea085dfdd2c7d9a6ad6c029b73cc9",
".summer/00_Docs/PRD/PRD-00_Leyforge_Source_Corpus_and_Authority_Register_v1_0_FINAL.md","??","propose_stage","preserve_current_poc_source_or_supplied_source_corpus","e02c44620b6c09e7a7cec94bbbb55827bb515b8f3732272d4add0e7711bdfcac","e02c44620b6c09e7a7cec94bbbb55827bb515b8f3732272d4add0e7711bdfcac",
".summer/00_Docs/PRD/PRD-01_Leyforge_Complete_Technical_Requirements_and_Unknowns_Inventory_WORKING_v0_15_CLOSURE_CANDIDATE.md","??","propose_stage","preserve_current_poc_source_or_supplied_source_corpus","51e671f38a50ad070cd60dbbc29273fac79b17ed37eae009b0cd25e20094c534","51e671f38a50ad070cd60dbbc29273fac79b17ed37eae009b0cd25e20094c534",
".summer/00_Docs/PRD/PRD-02_Zylann_Voxel_Tools_Deep_Capability_Audit_v0_8_CLOSURE_CANDIDATE.md","??","propose_stage","preserve_current_poc_source_or_supplied_source_corpus","3545d9dd396c2fbccfed21c1dc877b7dbdd10e599200fd3708684d6a7e63d23a","3545d9dd396c2fbccfed21c1dc877b7dbdd10e599200fd3708684d6a7e63d23a",
".summer/00_Docs/PRD/PRD-03_Godot_and_Supporting_Technology_Audit_v0_8_CLOSURE_CANDIDATE.md","??","propose_stage","preserve_current_poc_source_or_supplied_source_corpus","430c2230cfc3cd44a550a003bcfccf63bf84d252949521ac65dac10f5e666f01","430c2230cfc3cd44a550a003bcfccf63bf84d252949521ac65dac10f5e666f01",
".summer/00_Docs/PRD/PRD-04_Leyforge_Architecture_Boundary_Study_v0_8_CLOSURE_CANDIDATE.md","??","propose_stage","preserve_current_poc_source_or_supplied_source_corpus","747c6681d521dc0483e9b8c1c622bb705aa3fbaff7f2a9b494965835f191e2b4","747c6681d521dc0483e9b8c1c622bb705aa3fbaff7f2a9b494965835f191e2b4",
".summer/00_Docs/PRD/README.md","??","propose_stage","preserve_current_poc_source_or_supplied_source_corpus","8484901dc52c9922050ed70fe359997fbcfc1165ab25a186f9d8bcacce52b9c2","8484901dc52c9922050ed70fe359997fbcfc1165ab25a186f9d8bcacce52b9c2",
".summer/00_Docs/PRD/SHA256SUMS.txt","??","propose_stage","preserve_current_poc_source_or_supplied_source_corpus","eee9e03bb9d7c4c3c60accadada5bc62d317a4d883bc1470c9a902d9a935b644","eee9e03bb9d7c4c3c60accadada5bc62d317a4d883bc1470c9a902d9a935b644",
".summer/00_Docs/SHA256SUMS.txt"," M","propose_stage","preserve_current_poc_source_or_supplied_source_corpus","042da369fc0aac22155ed1b52b6d411c27822a023a5f40f899a9f95c44557219","042da369fc0aac22155ed1b52b6d411c27822a023a5f40f899a9f95c44557219","1c7812576c5ef159124e6eabc267be9ea725a213"
".summer/plans/full-game-implementation-roadmap.md"," M","propose_stage","preserve_current_poc_source_or_supplied_source_corpus","3f8a7651d031a6550a364d0ce5dee7634540fc2f803916f4d1315d4be3595cf6","3f8a7651d031a6550a364d0ce5dee7634540fc2f803916f4d1315d4be3595cf6","7da95a0932da59bbcd19ce83b3806ba30184c26d"
".summer/plans/voxel-asset-forge-implementation-handover.md"," M","propose_stage","preserve_current_poc_source_or_supplied_source_corpus","f45d23d6882566677bf5b5355b85b3c9786c1c4edf79ff9e7739a18a14bbf67c","f45d23d6882566677bf5b5355b85b3c9786c1c4edf79ff9e7739a18a14bbf67c","594341a4c717f758e9e96d5852e4be1aea035c24"
".summer/requirements/FORGE_IMPLEMENTATION_COVERAGE.md"," M","propose_stage","preserve_current_poc_source_or_supplied_source_corpus","127f9f5c6ef99326959ab450ea6c0d83b0823def6451055717334718eb28f2f9","127f9f5c6ef99326959ab450ea6c0d83b0823def6451055717334718eb28f2f9","3dfdc85f853516c4207727c4cfbbbfe3f7701611"
".summer/requirements/IMPLEMENTATION_COVERAGE.md"," M","propose_stage","preserve_current_poc_source_or_supplied_source_corpus","51b518bd9513997de14347cb046f159a898aae25305c273378a1f78206a2d071","51b518bd9513997de14347cb046f159a898aae25305c273378a1f78206a2d071","c177d1c641ce270c2a52a2c60d703f69d1648dd4"
".summer/requirements/implementation-coverage.json"," M","propose_stage","preserve_current_poc_source_or_supplied_source_corpus","ea9f82d902b11404d701b8757847bf7236ebe412060bb8b42dffb4d804592882","ea9f82d902b11404d701b8757847bf7236ebe412060bb8b42dffb4d804592882","e9fc4db854bd423046d0f2a1ccae22404176d205"
".summer/requirements/leyforge-requirements.json"," M","propose_stage","preserve_current_poc_source_or_supplied_source_corpus","3a5b2cb301890b68a6f2846bc6f2c4bce70311f30d23c6ce242b835eeece17dd","3a5b2cb301890b68a6f2846bc6f2c4bce70311f30d23c6ce242b835eeece17dd","6c9c0ae762b4b669dcc670d3e8a9406d5ef8abd4"
".summer/requirements/production-path.json"," M","propose_stage","preserve_current_poc_source_or_supplied_source_corpus","1cb02ab929a5e3032d78098325400688feba21cd7efd86128692a3d706939781","1cb02ab929a5e3032d78098325400688feba21cd7efd86128692a3d706939781","f1abc750479e0cbcb595bb0b122cdd76b9bb4689"
".summer/tools/generate_requirement_ledger.ps1"," M","propose_stage","preserve_current_poc_source_or_supplied_source_corpus","be24631e567fb2a66ff0dd23d4e9746e17f13af10f6bea3ac5f2e60221beedb1","be24631e567fb2a66ff0dd23d4e9746e17f13af10f6bea3ac5f2e60221beedb1","f08658430be5b4eca707e700a19656aea6cc61a0"
".summer/tools/update_production_roadmap.ps1"," M","propose_stage","preserve_current_poc_source_or_supplied_source_corpus","20406d645c668c5069afd89793f98d0ec6740306ff2feb0de026d657e2e99c7a","20406d645c668c5069afd89793f98d0ec6740306ff2feb0de026d657e2e99c7a","e36a9c220170e4d9dd94a271d23ed57086eaff4b"
".summer/verification/biological_owner_probe.gd"," M","propose_stage","preserve_current_poc_source_or_supplied_source_corpus","1e1d0e6f25e536589320d1223ed7aba388d2d557e56db25d9ff3e7138867d64a","1e1d0e6f25e536589320d1223ed7aba388d2d557e56db25d9ff3e7138867d64a","60dda05dcbc291b70d2ecbd9b178116e02e493d9"
".summer/verification/creative_menu_probe.gd"," M","propose_stage","preserve_current_poc_source_or_supplied_source_corpus","5b2a28cc6964d5189ac5cd85174e017b5262a2760725c9fb552c637cbdd5314b","5b2a28cc6964d5189ac5cd85174e017b5262a2760725c9fb552c637cbdd5314b","3a3c239625789d0813e8277f72993d7a1c8ea032"
".summer/verification/data_001_resource_conservation_probe.gd","??","propose_stage","preserve_current_poc_source_or_supplied_source_corpus","0d807bbc7527b0d9499c07b65b1c12403d333f97f8b52ca2ae0e0994728fe8a6","0d807bbc7527b0d9499c07b65b1c12403d333f97f8b52ca2ae0e0994728fe8a6",
".summer/verification/data_001_resource_conservation_probe.tscn","??","propose_stage","preserve_current_poc_source_or_supplied_source_corpus","8124d0ef7771856409955e82d9ca3ab4fd4c66dcc74bb89e64eb5c662071608d","8124d0ef7771856409955e82d9ca3ab4fd4c66dcc74bb89e64eb5c662071608d",
".summer/verification/event_owner_probe.gd","??","propose_stage","preserve_current_poc_source_or_supplied_source_corpus","cd7586324f2fb6f7ba9fb16d8362883af72c7d6dfc23303ea79e38e500c84867","cd7586324f2fb6f7ba9fb16d8362883af72c7d6dfc23303ea79e38e500c84867",
".summer/verification/event_owner_probe.tscn","??","propose_stage","preserve_current_poc_source_or_supplied_source_corpus","2d79036be8455fc08d1179e450a84600452acf1689ae393ce89f551c0b1f9631","2d79036be8455fc08d1179e450a84600452acf1689ae393ce89f551c0b1f9631",
".summer/verification/forge_creator_ui_probe.gd"," M","propose_stage","preserve_current_poc_source_or_supplied_source_corpus","c1e1a9df3df8dadae9452de5f3a2ef2f2eb71763ed8d73ee8d7cc22169b7f6c9","c1e1a9df3df8dadae9452de5f3a2ef2f2eb71763ed8d73ee8d7cc22169b7f6c9","a376742ae3f9c1ce27368868a47b89712466c96e"
".summer/verification/main_menu_probe.gd"," M","propose_stage","preserve_current_poc_source_or_supplied_source_corpus","06cd2079715d1ea774d7f230c9dd4bfa6ff18626e541eaaa5b56ed68771124d9","06cd2079715d1ea774d7f230c9dd4bfa6ff18626e541eaaa5b56ed68771124d9","2a7d04ad6f1a2daa03bc17aa4b5b99f9e5893933"
".summer/verification/movement_owner_probe.gd"," M","propose_stage","preserve_current_poc_source_or_supplied_source_corpus","c754a6e5bc273c3b402099ae46c951971df5a533a2f6b550a29edb286f86fcfb","c754a6e5bc273c3b402099ae46c951971df5a533a2f6b550a29edb286f86fcfb","5fe7698d79977e0e52e3a56076d1421a3519b7fd"
".summer/verification/npc_runtime_probe.gd","??","propose_stage","preserve_current_poc_source_or_supplied_source_corpus","10356710d92eb45f9aa4c24ae3cc3af9ebe3eb2941b37c47fd2b98c650a3f756","10356710d92eb45f9aa4c24ae3cc3af9ebe3eb2941b37c47fd2b98c650a3f756",
".summer/verification/npc_runtime_probe.tscn","??","propose_stage","preserve_current_poc_source_or_supplied_source_corpus","ebe21451594e706d7c840331bad292ad5182fffeb467588e5407ab80ee083fd3","ebe21451594e706d7c840331bad292ad5182fffeb467588e5407ab80ee083fd3",
".summer/verification/persistent_people_probe.gd"," M","propose_stage","preserve_current_poc_source_or_supplied_source_corpus","c3157b2bde6ba0dc96476969748767b4a3afbda37b2f1181217dc13d9666cdd0","c3157b2bde6ba0dc96476969748767b4a3afbda37b2f1181217dc13d9666cdd0","7100f2a14db49967058a8685b985fcb0634bf1c0"
".summer/verification/phase4_hamlet_probe.gd"," M","propose_stage","preserve_current_poc_source_or_supplied_source_corpus","2b34994522cf638858eac08a7b244c5b0efcfbbd3b8c385b2737faf87d27f665","2b34994522cf638858eac08a7b244c5b0efcfbbd3b8c385b2737faf87d27f665","23c6718e0ff40a1e8f46e946093f5127e289002f"
".summer/verification/phase4_save_probe.gd"," M","propose_stage","preserve_current_poc_source_or_supplied_source_corpus","e03e49cb2e798fb19c31fdeccf1c8948335fa4fee9b38a64a0df7096cfafcd01","e03e49cb2e798fb19c31fdeccf1c8948335fa4fee9b38a64a0df7096cfafcd01","18287987496d422470b05c67cfcbad0f74fa4d19"
".summer/verification/phase5_automation_probe.gd"," M","propose_stage","preserve_current_poc_source_or_supplied_source_corpus","a9a47455710b39718efc67228501e522de06df8da888e741f27c0c1bf3761b06","a9a47455710b39718efc67228501e522de06df8da888e741f27c0c1bf3761b06","aae6ca579f80fcf3d1f5f465c55a5a908560cb75"
".summer/verification/phase7_combat_visual_probe.gd"," M","propose_stage","preserve_current_poc_source_or_supplied_source_corpus","b1152583f67800c6fbc1e5e2f19f922030ece36124957a210aed84f969479f4c","b1152583f67800c6fbc1e5e2f19f922030ece36124957a210aed84f969479f4c","5bc5a03c465a26ff118ad7a339116f5d3e5ee8aa"
".summer/verification/phase7_first_person_block_capture.png","??","propose_stage","preserve_current_poc_source_or_supplied_source_corpus","f430606864a80fac89e288f6228eb587f473e48733f7789dcdff00fe2b82a4fd","f430606864a80fac89e288f6228eb587f473e48733f7789dcdff00fe2b82a4fd",
".summer/verification/phase7_first_person_capture.gd"," M","propose_stage","preserve_current_poc_source_or_supplied_source_corpus","1fe62a2706ecc6d1ff638792f993c277a722b99256b3bb9a44b3bcff7909d3f4","1fe62a2706ecc6d1ff638792f993c277a722b99256b3bb9a44b3bcff7909d3f4","b6e6eff7fd120d553740575eb38a0bbd3557485a"
".summer/verification/phase7_first_person_capture.png"," M","propose_stage","preserve_current_poc_source_or_supplied_source_corpus","10c0e5dc3ec12bca9b29cb90486ef4020a2979bf067f3594b111c209552e71c4","10c0e5dc3ec12bca9b29cb90486ef4020a2979bf067f3594b111c209552e71c4","e4b9e621327cd010af3e2667b04a33197b5217db"
".summer/verification/phase7_player_rig_capture.png"," M","propose_stage","preserve_current_poc_source_or_supplied_source_corpus","712226c4f328864c7675346459c8b0369321082b663bfc92fd574cfec3f8f65a","712226c4f328864c7675346459c8b0369321082b663bfc92fd574cfec3f8f65a","b6297491175c3b492caf26fe820835b6bc0b13e7"
".summer/verification/phase7_site_preview_capture.png","??","propose_stage","preserve_current_poc_source_or_supplied_source_corpus","1e6849080f949da04ead9dacf13c6c0ed7ac81541c1a5cf570b67e9727629a9f","1e6849080f949da04ead9dacf13c6c0ed7ac81541c1a5cf570b67e9727629a9f",
".summer/verification/phase7_skill_bar_capture.png"," M","propose_stage","preserve_current_poc_source_or_supplied_source_corpus","8d508c3fec50590d75501fd60d077bee0c5465818585faa9cafcf7c660fa54b3","8d508c3fec50590d75501fd60d077bee0c5465818585faa9cafcf7c660fa54b3","5e52186050e2064867bb03bb586ddc49a8971f38"
".summer/verification/phase7_stabilization_probe.gd"," M","propose_stage","preserve_current_poc_source_or_supplied_source_corpus","39034c6e86a5c3bf5fad7d477be4667f3ad60626186a29240971a7d103236963","39034c6e86a5c3bf5fad7d477be4667f3ad60626186a29240971a7d103236963","23f46dc86b5c261a94959586161fd20122794a7a"
".summer/verification/phase8_guide_capture.png"," M","propose_stage","preserve_current_poc_source_or_supplied_source_corpus","cbccd257644ff7d79695cf7153362109fe8c8e292a780536be44854f96aad787","cbccd257644ff7d79695cf7153362109fe8c8e292a780536be44854f96aad787","f3d8c80419f4db6e091c5e1739b818fe2c49d425"
".summer/verification/phase8_map_capture.png"," M","propose_stage","preserve_current_poc_source_or_supplied_source_corpus","d819c2c2d7cca226b45882f9bc8ee4bfcf54abb7e5fbdb38077429112079f7ca","d819c2c2d7cca226b45882f9bc8ee4bfcf54abb7e5fbdb38077429112079f7ca","1cb65234728c9ad719fd675572af80f9feed2255"
".summer/verification/phase8_settings_capture.png"," M","propose_stage","preserve_current_poc_source_or_supplied_source_corpus","ba0b65e4ecb5e236c12cd42991b7885619e36e756a9e4fb5221e596b5c7ef859","ba0b65e4ecb5e236c12cd42991b7885619e36e756a9e4fb5221e596b5c7ef859","b7f20ef8963bad1060071ad50ba0858d33748c89"
".summer/verification/phase8_ui_capture.gd"," M","propose_stage","preserve_current_poc_source_or_supplied_source_corpus","bf5cec4ea19c3b05c0633829722da99ef6883f5944af9b6ed7e72cde3e0da5a4","bf5cec4ea19c3b05c0633829722da99ef6883f5944af9b6ed7e72cde3e0da5a4","fa5c6433c939721f80781f08e26d2a90681dde0c"
".summer/verification/phase8_village_capture.png","??","propose_stage","preserve_current_poc_source_or_supplied_source_corpus","283b9f232d713ae252494b631e75c5eb5bff015970747cb27b86a7057de61b44","283b9f232d713ae252494b631e75c5eb5bff015970747cb27b86a7057de61b44",
".summer/verification/poc_archive_isolation_probe.ps1"," M","propose_stage","preserve_current_poc_source_or_supplied_source_corpus","8d28c337d34ec30660e2da2947494aa2e5d609bdd4d646843c6b899225b552e9","8d28c337d34ec30660e2da2947494aa2e5d609bdd4d646843c6b899225b552e9","0843d8fe356f1e3d530868203f6ac06f98f48ea0"
".summer/verification/political_owner_probe.gd"," M","propose_stage","preserve_current_poc_source_or_supplied_source_corpus","fd0a30e67f3b24c2ad63e422009821acfa8813ac82a722803da7d865598e7261","fd0a30e67f3b24c2ad63e422009821acfa8813ac82a722803da7d865598e7261","7efda404a41dca4d8138a1e79228b69475455688"
".summer/verification/regional_settlement_isolation_probe.gd"," M","propose_stage","preserve_current_poc_source_or_supplied_source_corpus","98e184cb5ed48fbc18dbf92494fd4db8412559fa7ce6033af5d243f577ad6931","98e184cb5ed48fbc18dbf92494fd4db8412559fa7ce6033af5d243f577ad6931","9e52cfdbfd95435d8e279dbd8c804eeee2f4c609"
".summer/verification/run_current_regression_gate.ps1"," M","propose_stage","preserve_current_poc_source_or_supplied_source_corpus","284c70ad8a8ef1a6488a8d6f7e264b2633e06f7e996dc0c2c7cdf141d75c566f","284c70ad8a8ef1a6488a8d6f7e264b2633e06f7e996dc0c2c7cdf141d75c566f","b2cb8ee273491d9784098d427ceb00ed234f8164"
".summer/verification/save_coordinator_probe.gd"," M","propose_stage","preserve_current_poc_source_or_supplied_source_corpus","d781f7328163c62ffcedd78dc1a0f0e5869af9d950528796a8ff407c5604387f","d781f7328163c62ffcedd78dc1a0f0e5869af9d950528796a8ff407c5604387f","9dff16c934f37e4df02cc164829c7220868001e1"
".summer/verification/set_001_profession_probe.gd","??","propose_stage","preserve_current_poc_source_or_supplied_source_corpus","cf2513b4a662dce2d992f60bccbe9ca89c023f1caa0c66e7a86d2072c842ec24","cf2513b4a662dce2d992f60bccbe9ca89c023f1caa0c66e7a86d2072c842ec24",
".summer/verification/set_001_profession_probe.tscn","??","propose_stage","preserve_current_poc_source_or_supplied_source_corpus","ce9d3b74fd9d0386c87fe16b1c3e349ce602aaa61375cc688529f8a033157fbe","ce9d3b74fd9d0386c87fe16b1c3e349ce602aaa61375cc688529f8a033157fbe",
".summer/verification/set_001_service_activation_probe.gd","??","propose_stage","preserve_current_poc_source_or_supplied_source_corpus","442c05d2cb2b3fdd968983c28f27bbaf8a0f34020d670cea4705004d7a55021b","442c05d2cb2b3fdd968983c28f27bbaf8a0f34020d670cea4705004d7a55021b",
".summer/verification/set_001_service_activation_probe.tscn","??","propose_stage","preserve_current_poc_source_or_supplied_source_corpus","76a12e4ca639a35820c979fc58300117c21b1417e9e9c632901a617e8f856583","76a12e4ca639a35820c979fc58300117c21b1417e9e9c632901a617e8f856583",
".summer/verification/settlement_project_probe.gd"," M","propose_stage","preserve_current_poc_source_or_supplied_source_corpus","df6a20542787220ac988adb87876d7ca3c5bd5ac9b2322cfb633c0367a30984b","df6a20542787220ac988adb87876d7ca3c5bd5ac9b2322cfb633c0367a30984b","17c2436610a86dba133e5fc18843348b3a11d088"
".summer/verification/settlement_registry_probe.gd"," M","propose_stage","preserve_current_poc_source_or_supplied_source_corpus","f5d90fd5a2c2d9d5ae16ff4f7d9ea8050f58374e7147f12135ca3db14afbf54f","f5d90fd5a2c2d9d5ae16ff4f7d9ea8050f58374e7147f12135ca3db14afbf54f","c9bb9630e3c5cb13d6a7df2351ba7a2f15aad2a5"
".summer/verification/settlement_wave1_probe.gd"," M","propose_stage","preserve_current_poc_source_or_supplied_source_corpus","777c858b87020d69b413dccc9030feeba64160fb60a14997939aa070d73d3fd6","777c858b87020d69b413dccc9030feeba64160fb60a14997939aa070d73d3fd6","3fd4ebc60140741b6a6ca9300d150442ae2c9e7c"
".summer/verification/simulation_lod_probe.gd"," M","propose_stage","preserve_current_poc_source_or_supplied_source_corpus","94fd75889feaeb8a15d1b950f8dfbdb1cec74ccb1beba8a7de09652192458502","94fd75889feaeb8a15d1b950f8dfbdb1cec74ccb1beba8a7de09652192458502","8762ab1f16c9058c559c1da37995d1e8fa565d34"
".summer/verification/social_owner_probe.gd"," M","propose_stage","preserve_current_poc_source_or_supplied_source_corpus","ec3dafabe18918bdfea410bd2491756f6aab43b726f4cb2d199714b723a2de84","ec3dafabe18918bdfea410bd2491756f6aab43b726f4cb2d199714b723a2de84","78bb230d24ca30eab03dd978d3b3bec5a73d41f9"
".summer/verification/stageb_living_settlement_probe.gd"," M","propose_stage","preserve_current_poc_source_or_supplied_source_corpus","e5d8bee6c9934e5c209a5085420bd8fc3fcaeb1f376fed0c70755d193f03342a","e5d8bee6c9934e5c209a5085420bd8fc3fcaeb1f376fed0c70755d193f03342a","54b1e76080f36ba12667bb110fecc98b1b5ee07d"
".summer/verification/world_lifecycle_probe.gd"," M","propose_stage","preserve_current_poc_source_or_supplied_source_corpus","0dff6118d9ea4ab1aed136f2a6275eb7e0175b4f09dcc3b8fd2e15205798cce5","0dff6118d9ea4ab1aed136f2a6275eb7e0175b4f09dcc3b8fd2e15205798cce5","152011bd49750c75e1bf099c4a5be53d038d499a"
".trae/documents/evt-001_implementation_path_plan.md","??","supplement_only","historical_planning_copied_not_current_authority","914911605b6044fe314adc2a4884b93a22967c51d8330d8d27fe7e3f55a3eff6","914911605b6044fe314adc2a4884b93a22967c51d8330d8d27fe7e3f55a3eff6",
".trae/specs/audit-summer-progress-report/checklist.md","??","supplement_only","historical_planning_copied_not_current_authority","455d99af0132064dbe32da691e73d9bd233cdb3b8af264de607f8fcbac163282","455d99af0132064dbe32da691e73d9bd233cdb3b8af264de607f8fcbac163282",
".trae/specs/audit-summer-progress-report/spec.md","??","supplement_only","historical_planning_copied_not_current_authority","1082531effd2052d2d6e215cd465cc3e3c318a76aea01d54d0cc4f7ea943414e","1082531effd2052d2d6e215cd465cc3e3c318a76aea01d54d0cc4f7ea943414e",
".trae/specs/audit-summer-progress-report/tasks.md","??","supplement_only","historical_planning_copied_not_current_authority","75f97dff00e5e7d840345d202ec2bdcec41a032e2f68f283ea9ca4435c664852","75f97dff00e5e7d840345d202ec2bdcec41a032e2f68f283ea9ca4435c664852",
".vscode/settings.json","??","inventory_only","machine_local_editor_setting","2d2ed3b4c93cdf1e6a40e0a099b913ba4856cb37717f557bd3fb23a378654791","2d2ed3b4c93cdf1e6a40e0a099b913ba4856cb37717f557bd3fb23a378654791",
"content/forge/assets/forge_asset_item_tool_iron_pickaxe.tres","??","propose_stage","preserve_current_poc_source_or_supplied_source_corpus","b9c3f2c128b4969d9e2031e9294b5ac0cd558476cd3025e277b2b33fd85d4506","b9c3f2c128b4969d9e2031e9294b5ac0cd558476cd3025e277b2b33fd85d4506",
"content/forge/blueprints/user/production/blueprint_leyforge_residential_primitive_hut_a.tres"," M","propose_stage","preserve_current_poc_source_or_supplied_source_corpus","958a0767bbd3cece9b5fe58773401de206854701e73586878861074d352b791a","958a0767bbd3cece9b5fe58773401de206854701e73586878861074d352b791a","f3f082bd0b7306255b3b5e4a7805105681ac0903"
"data/settlement/settlement_behaviors.json"," M","propose_stage","preserve_current_poc_source_or_supplied_source_corpus","af711954451c994d755f3b466296f6f2b7238ed82079cec1cec750a9cae13cdc","af711954451c994d755f3b466296f6f2b7238ed82079cec1cec750a9cae13cdc","1b432658965a3833cb469f26cb2165f232872f41"
"data/settlement/settlement_blueprints.json"," M","propose_stage","preserve_current_poc_source_or_supplied_source_corpus","1f70c6d997724d9141243b74820036d73851532848d12e778a2b5b2ff7786cb6","1f70c6d997724d9141243b74820036d73851532848d12e778a2b5b2ff7786cb6","a4f6a9f0c1dc0450b611c3021570f442b4141372"
"data/settlement/settlement_professions.json","??","propose_stage","preserve_current_poc_source_or_supplied_source_corpus","03927cd48ccc3d80af01989827212af310e9879bcc56b1f5abb1cf74892adf1e","03927cd48ccc3d80af01989827212af310e9879bcc56b1f5abb1cf74892adf1e",
"project.godot"," M","propose_stage","preserve_current_poc_source_or_supplied_source_corpus","3c08b00db5cd7ca0607b7960c1def26cb7e067aa5d461d0ab627297a53e9a2a1","3c08b00db5cd7ca0607b7960c1def26cb7e067aa5d461d0ab627297a53e9a2a1","84bbcb4fde8b51b7743b414086e15a443c6b0bf2"
"project.godot.bak"," M","propose_stage","preserve_current_poc_source_or_supplied_source_corpus","3c08b00db5cd7ca0607b7960c1def26cb7e067aa5d461d0ab627297a53e9a2a1","3c08b00db5cd7ca0607b7960c1def26cb7e067aa5d461d0ab627297a53e9a2a1","b4a2c7d0d0b1f4614abf697a2a54ec232a256fec"
"project.godot~RF28f26.TMP","??","supplement_only","atomic_recovery_file_in_working_state_zip","3b1766976607392d3b2da030685f419bec060e8e4a678b3dc86e0f5b0a741d63","3b1766976607392d3b2da030685f419bec060e8e4a678b3dc86e0f5b0a741d63",
"project.godot~RF2cf5aa9.TMP","??","supplement_only","atomic_recovery_file_in_working_state_zip","3b1766976607392d3b2da030685f419bec060e8e4a678b3dc86e0f5b0a741d63","3b1766976607392d3b2da030685f419bec060e8e4a678b3dc86e0f5b0a741d63",
"scripts/autoload/combat_state.gd"," M","propose_stage","preserve_current_poc_source_or_supplied_source_corpus","8fbcc8426a654438735eb22a67d8dcd4f6bf9b9b8c13d7e3e99c06a2ea5fb4ea","8fbcc8426a654438735eb22a67d8dcd4f6bf9b9b8c13d7e3e99c06a2ea5fb4ea","fb0501ad1a471a55583fa7fc7f3fbc1280ba4a82"
"scripts/autoload/event_manager.gd","??","propose_stage","preserve_current_poc_source_or_supplied_source_corpus","0ea4098974413da07cdba0e421b8395449b3f8ed7a109708c1c615912d728dc3","0ea4098974413da07cdba0e421b8395449b3f8ed7a109708c1c615912d728dc3",
"scripts/autoload/event_manager.gd.uid","??","propose_stage","preserve_current_poc_source_or_supplied_source_corpus","7e0758e44a651acb8c1ff1b93670180e1be48747f0e89c02964d66bc95781f2d","7e0758e44a651acb8c1ff1b93670180e1be48747f0e89c02964d66bc95781f2d",
"scripts/autoload/hamlet_state.gd"," M","propose_stage","preserve_current_poc_source_or_supplied_source_corpus","917ec4a05656128e0d8ee40b7c8c593bee36534eccb852c3cc039e87725a8749","917ec4a05656128e0d8ee40b7c8c593bee36534eccb852c3cc039e87725a8749","bc598cd53460b9252009e0b663143c9a247ec019"
"scripts/autoload/people_manager.gd"," M","propose_stage","preserve_current_poc_source_or_supplied_source_corpus","ee0f9fd51d8b5875fffa53a495a6ec67f25318175d87628c153a984d3fa87537","ee0f9fd51d8b5875fffa53a495a6ec67f25318175d87628c153a984d3fa87537","0b437705ca8ebbe74b4855efab1763c82f434c18"
"scripts/autoload/settlement_content_registry.gd"," M","propose_stage","preserve_current_poc_source_or_supplied_source_corpus","eeac908ea505020bd395a313e8f1376392235c37b1245e75ef7ec18ce1e9449a","eeac908ea505020bd395a313e8f1376392235c37b1245e75ef7ec18ce1e9449a","9e56d32a34c8aff2f0942e3fa18e153411ad1e0d"
"scripts/autoload/settlement_manager.gd"," M","propose_stage","preserve_current_poc_source_or_supplied_source_corpus","d13d70d90b26857212829c8d99f5676a74740155c80942ad16a2e0913d1810e4","d13d70d90b26857212829c8d99f5676a74740155c80942ad16a2e0913d1810e4","f9ae07b31828c5a36ed9d188ca608a5924e903e2"
"scripts/autoload/world_manager.gd"," M","propose_stage","preserve_current_poc_source_or_supplied_source_corpus","72cbec3735e7371b4463cff820d09981812ac2f1c229a4d0271c221b5033d4e5","72cbec3735e7371b4463cff820d09981812ac2f1c229a4d0271c221b5033d4e5","201337fad3db282c94301bde67dee73400bb98e1"
"scripts/core/production_kernel.gd"," M","propose_stage","preserve_current_poc_source_or_supplied_source_corpus","dcce992c91e98df6ac2450e0d9ba2692f945f796f20fab7741e5ce65a240051f","dcce992c91e98df6ac2450e0d9ba2692f945f796f20fab7741e5ce65a240051f","d5178418ade31a0f5350b4ae86974e3d4356a4ec"
"scripts/core/save_coordinator.gd"," M","propose_stage","preserve_current_poc_source_or_supplied_source_corpus","0795a5943e2ea514e1acf5cd349fe12308218796699fef7ebe5646404f973e0d","0795a5943e2ea514e1acf5cd349fe12308218796699fef7ebe5646404f973e0d","a17a987034df20c17e119f162c6ec64db8c7da76"
"scripts/forge/ui/forge_creator_studio_panel.gd"," M","propose_stage","preserve_current_poc_source_or_supplied_source_corpus","0635d1786c24365ff99ed96a9807b27175a1139aec3ce569c50a2a1f4a8ddfe5","0635d1786c24365ff99ed96a9807b27175a1139aec3ce569c50a2a1f4a8ddfe5","7ed04f597379c6a932cac8087d95449bb538069d"
"scripts/forge/ui/forge_navigation_catalog.gd"," M","propose_stage","preserve_current_poc_source_or_supplied_source_corpus","de01dfb0fb3c0a60a3cd5a59eae449a5055dcdc5f3ef9f1c909b5dd9c1caf7fe","de01dfb0fb3c0a60a3cd5a59eae449a5055dcdc5f3ef9f1c909b5dd9c1caf7fe","cc2624516e31a02ec39076818200786ab5da55a3"
"scripts/forge/ui/forge_navigation_catalog.gd~RF45b2c.TMP","??","supplement_only","atomic_recovery_file_in_working_state_zip","de01dfb0fb3c0a60a3cd5a59eae449a5055dcdc5f3ef9f1c909b5dd9c1caf7fe","de01dfb0fb3c0a60a3cd5a59eae449a5055dcdc5f3ef9f1c909b5dd9c1caf7fe",
"scripts/forge/ui/forge_preview_viewport.gd"," M","propose_stage","preserve_current_poc_source_or_supplied_source_corpus","4aa03edb6e295e952a4fe27b68487b5ff02e52fe8a4ccfa5c91876a8cfafbf4c","4aa03edb6e295e952a4fe27b68487b5ff02e52fe8a4ccfa5c91876a8cfafbf4c","84ba237150d956e87dacc779d36cc86599a8669a"
"scripts/forge/ui/forge_structure_voxel_builder.gd"," M","propose_stage","preserve_current_poc_source_or_supplied_source_corpus","1af2281e1f4ae835d303eaee2467bfc4cc41762d4c1bf5e50794f932021f81c4","1af2281e1f4ae835d303eaee2467bfc4cc41762d4c1bf5e50794f932021f81c4","b8c76317edf7816986cb15375a5eeb60e62813d6"
"scripts/forge/ui/forge_voxel_3d_canvas.gd"," M","propose_stage","preserve_current_poc_source_or_supplied_source_corpus","52999beacb76e56082cea42b8004eaf293f127c9c5e33aa3afd3d062bcdd3c62","52999beacb76e56082cea42b8004eaf293f127c9c5e33aa3afd3d062bcdd3c62","e5620c41c5fe26c20751568833f45559e152279c"
"scripts/forge/ui/forge_workspace.gd"," M","propose_stage","preserve_current_poc_source_or_supplied_source_corpus","0f73dc6f1de7ac61396517e9661dad4bf5dcf9111027551f1b953608910aace6","0f73dc6f1de7ac61396517e9661dad4bf5dcf9111027551f1b953608910aace6","f418e6f8f9cbc1a629719b84763e41980632e258"
"scripts/main.gd"," M","propose_stage","preserve_current_poc_source_or_supplied_source_corpus","5225ca997ff31c7a910579c332c431efdcd9f60cafff0ade293def467662cda4","5225ca997ff31c7a910579c332c431efdcd9f60cafff0ade293def467662cda4","e6281318bcb6e768503e3df1dd815bf8662946ca"
"scripts/player/player.gd"," M","propose_stage","preserve_current_poc_source_or_supplied_source_corpus","d600baa399156106267e9141e2e5e2a25755e0f65b1558f042596a86074e7e6a","d600baa399156106267e9141e2e5e2a25755e0f65b1558f042596a86074e7e6a","438d2e0eb3c550e2ef2faa68558bede68127f76b"
"scripts/settlement/settlement_profession_engine.gd","??","propose_stage","preserve_current_poc_source_or_supplied_source_corpus","b4b23def3b2a95a6551497970a8079fb49669e8e29ea7febadd0789ada633663","b4b23def3b2a95a6551497970a8079fb49669e8e29ea7febadd0789ada633663",
"scripts/settlement/settlement_profession_engine.gd.uid","??","propose_stage","preserve_current_poc_source_or_supplied_source_corpus","7f5c1b72b5d222e78b67bc45e8a004994c025bda49798f49d18cbb034bd2889b","7f5c1b72b5d222e78b67bc45e8a004994c025bda49798f49d18cbb034bd2889b",
"scripts/settlement/settlement_records.gd"," M","propose_stage","preserve_current_poc_source_or_supplied_source_corpus","51d7bfdb247575f61a25da2a95e8175b54f60f9144333eef2f2b6d9fae480171","51d7bfdb247575f61a25da2a95e8175b54f60f9144333eef2f2b6d9fae480171","c16840e4c6b4308ab31b8032387e70c8fc9bbe8f"
"scripts/settlement/settlement_service_engine.gd","??","propose_stage","preserve_current_poc_source_or_supplied_source_corpus","2b8e36cf1fa98585565d3bf30921c5637d00ddc51f4161f80ed02090f51ff33c","2b8e36cf1fa98585565d3bf30921c5637d00ddc51f4161f80ed02090f51ff33c",
"scripts/settlement/settlement_service_engine.gd.uid","??","propose_stage","preserve_current_poc_source_or_supplied_source_corpus","e947c7bae730e3acc5808cc63a74841346dac52fbd6511c0cc716736e7533d42","e947c7bae730e3acc5808cc63a74841346dac52fbd6511c0cc716736e7533d42",
"scripts/settlement/settlement_simulation_engine.gd"," M","propose_stage","preserve_current_poc_source_or_supplied_source_corpus","ae25e0c6c61e00469b2d491d23fea94a44e2becacf1ccc29a9b26a0f95994c13","ae25e0c6c61e00469b2d491d23fea94a44e2becacf1ccc29a9b26a0f95994c13","68a8dc126761285085e44284ee8d944dd99a7b0b"
"scripts/settlement/settlement_simulation_rules.gd"," M","propose_stage","preserve_current_poc_source_or_supplied_source_corpus","d8a3a1208b42eb2e6f0ec5a9281315cc0f0e53d31a6cd1603edd31ebdb306c6b","d8a3a1208b42eb2e6f0ec5a9281315cc0f0e53d31a6cd1603edd31ebdb306c6b","6245eebb13e4427d7744c954bdfc06830df3a429"
"scripts/settlement/settlement_terrain_planner.gd"," M","propose_stage","preserve_current_poc_source_or_supplied_source_corpus","22d6541712751632cee09550531ffdf2ef464960ef5c52af7a770b3724f91654","22d6541712751632cee09550531ffdf2ef464960ef5c52af7a770b3724f91654","e9b8d9110d83319b05f2dc0d38a3bc2df2e61e50"
"scripts/ui/hud.gd"," M","propose_stage","preserve_current_poc_source_or_supplied_source_corpus","cc37fa009ef27a3deb9be1db04c8be606e8f09d003436c87a8270f9fb335b05f","cc37fa009ef27a3deb9be1db04c8be606e8f09d003436c87a8270f9fb335b05f","1434ef062331573b2956e36e9b088de3d657a48f"
"scripts/ui/main_menu.gd"," M","propose_stage","preserve_current_poc_source_or_supplied_source_corpus","058a382f203bade7d90e1fafa2224e2e7937db8507f850c3bd3c7b01cbdb6ad8","058a382f203bade7d90e1fafa2224e2e7937db8507f850c3bd3c7b01cbdb6ad8","c546e9b676226fd43d714f46a20e910d2d0b6b8c"
"scripts/visual/item_model_factory.gd"," M","propose_stage","preserve_current_poc_source_or_supplied_source_corpus","e8d698444c0716364ab49f2d185b8cd57a3eab98138e17669760dc0ebcd23134","e8d698444c0716364ab49f2d185b8cd57a3eab98138e17669760dc0ebcd23134","9436033fe75bf1d5998dcbf685c4b39baf2bc83b"
"scripts/world/hamlet_npc_actor.gd"," M","propose_stage","preserve_current_poc_source_or_supplied_source_corpus","0e69d202316a6d367311e1ed61101397b3d77a2aaee28354eb4b3d6d4115941a","0e69d202316a6d367311e1ed61101397b3d77a2aaee28354eb4b3d6d4115941a","0272fb5f5283582047156b4fc214bead0012f3b6"
"scripts/world/hamlet_runtime.gd"," M","propose_stage","preserve_current_poc_source_or_supplied_source_corpus","9b2654fd303b6fdf85b6bd3fe620612befcf91d67d4c68b14096315e60eb6a67","9b2654fd303b6fdf85b6bd3fe620612befcf91d67d4c68b14096315e60eb6a67","973fd0f68177469396e56db14760f100ebd89010"
"scripts/world/settlement_site_preview.gd","??","propose_stage","preserve_current_poc_source_or_supplied_source_corpus","4641ce333394c1c9dbaf7951fe83949512383380466c828179c1b85aa5bd58af","4641ce333394c1c9dbaf7951fe83949512383380466c828179c1b85aa5bd58af",
"scripts/world/settlement_site_preview.gd.uid","??","propose_stage","preserve_current_poc_source_or_supplied_source_corpus","f648f727f7dd37dbd72b4738ef238345d429421a6e76e2f68cf5156fb4387ec8","f648f727f7dd37dbd72b4738ef238345d429421a6e76e2f68cf5156fb4387ec8",
"scripts/world/settlement_worksite_visual.gd","??","propose_stage","preserve_current_poc_source_or_supplied_source_corpus","8cfae58743c5e4e8ed7e8bf6ebf010d918c94807e0f09bab0552bb3655f07cd3","8cfae58743c5e4e8ed7e8bf6ebf010d918c94807e0f09bab0552bb3655f07cd3",
"scripts/world/settlement_worksite_visual.gd.uid","??","propose_stage","preserve_current_poc_source_or_supplied_source_corpus","ec9f370d9b3c491e05ffdd0902e6789b243d14cbfb596f779ecfc424710f01ae","ec9f370d9b3c491e05ffdd0902e6789b243d14cbfb596f779ecfc424710f01ae",
